YEAR, MON, DAY, HOUR, MIN, DEP, MAG, LAT, LONG, URL   // IGP history + EMSC-RTS + USGS, global rolling 10 days
2026,10,10,20,32,18.7,2.9,-36.570000,-73.200000,10,https://www.emsc-csem.org/Earthquake_information/earthquake.php?id=20261010_0000359
2026,10,10,20,30,7.0,3.9,14.164000,-92.729000,10,https://www.emsc-csem.org/Earthquake_information/earthquake.php?id=20261010_0000360
2026,10,10,20,17,10.0,3.5,5.110000,126.290000,10,https://www.emsc-csem.org/Earthquake_information/earthquake.php?id=20261010_0000358
2026,10,10,20,14,181.9,2.5,-22.840000,-68.060000,10,https://www.emsc-csem.org/Earthquake_information/earthquake.php?id=20261010_0000357
2026,10,10,20,01,16.0,3.8,6.330000,126.530000,10,https://www.emsc-csem.org/Earthquake_information/earthquake.php?id=20261010_0000356
2026,10,10,19,59,10.0,3.8,7.676900,-81.004900,10,https://www.emsc-csem.org/Earthquake_information/earthquake.php?id=20261010_0000351
2026,10,10,19,55,5.0,2.6,30.526100,79.358600,10,https://www.emsc-csem.org/Earthquake_information/earthquake.php?id=20261010_0000355
2026,10,10,19,55,15.0,3.0,-2.910000,127.850000,10,https://www.emsc-csem.org/Earthquake_information/earthquake.php?id=20261010_0000350
2026,10,10,19,53,10.0,2.7,-2.330000,120.570000,10,https://www.emsc-csem.org/Earthquake_information/earthquake.php?id=20261010_0000349
2026,10,10,19,44,10.0,4.2,7.615600,-80.914800,10,https://www.emsc-csem.org/Earthquake_information/earthquake.php?id=20261010_0000347
2026,10,10,19,43,99.1,2.6,-20.930000,-68.890000,10,https://www.emsc-csem.org/Earthquake_information/earthquake.php?id=20261010_0000345
2026,10,10,19,42,35.0,3.0,55.499800,-158.435900,10,https://www.emsc-csem.org/Earthquake_information/earthquake.php?id=20261010_0000342
2026,10,10,19,40,6.0,3.9,7.600400,-81.508100,10,https://www.emsc-csem.org/Earthquake_information/earthquake.php?id=20261010_0000344
2026,10,10,19,39,164.0,3.2,-8.490000,123.970000,10,https://www.emsc-csem.org/Earthquake_information/earthquake.php?id=20261010_0000346
2026,10,10,19,33,12.0,2.9,12.948000,-89.984000,10,https://www.emsc-csem.org/Earthquake_information/earthquake.php?id=20261010_0000343
2026,10,10,19,26,1.4,3.1,35.479900,26.563500,10,https://www.emsc-csem.org/Earthquake_information/earthquake.php?id=20261010_0000341
2026,10,10,19,18,10.0,4.0,7.684500,-80.266800,10,https://www.emsc-csem.org/Earthquake_information/earthquake.php?id=20261010_0000338
2026,10,10,19,18,10.0,2.6,-8.220000,120.950000,10,https://www.emsc-csem.org/Earthquake_information/earthquake.php?id=20261010_0000339
2026,10,10,19,08,8.0,3.5,40.698000,29.256300,10,https://www.emsc-csem.org/Earthquake_information/earthquake.php?id=20261010_0000336
2026,10,10,19,08,4.0,4.4,7.626300,-80.616300,10,https://www.emsc-csem.org/Earthquake_information/earthquake.php?id=20261010_0000337
2026,10,10,19,02,227.7,3.0,-23.950000,-67.360000,10,https://www.emsc-csem.org/Earthquake_information/earthquake.php?id=20261010_0000334
2026,10,10,18,57,15.0,2.6,-8.240000,120.930000,10,https://www.emsc-csem.org/Earthquake_information/earthquake.php?id=20261010_0000335
2026,10,10,18,48,76.8,2.7,-22.960000,-68.910000,10,https://www.emsc-csem.org/Earthquake_information/earthquake.php?id=20261010_0000330
2026,10,10,18,45,154.0,4.6,7.642000,-81.626700,10,https://www.emsc-csem.org/Earthquake_information/earthquake.php?id=20261010_0000327
2026,10,10,18,40,9.0,4.0,7.740600,-80.735700,10,https://www.emsc-csem.org/Earthquake_information/earthquake.php?id=20261010_0000326
2026,10,10,18,30,6.0,4.0,7.447400,-80.634900,10,https://www.emsc-csem.org/Earthquake_information/earthquake.php?id=20261010_0000328
2026,10,10,18,29,13.0,3.2,4.390000,96.620000,10,https://www.emsc-csem.org/Earthquake_information/earthquake.php?id=20261010_0000323
2026,10,10,18,26,5.0,3.9,7.810900,-81.282100,10,https://www.emsc-csem.org/Earthquake_information/earthquake.php?id=20261010_0000322
2026,10,10,18,14,42.0,3.5,-16.610000,-72.660000,10,https://ultimosismo.igp.gob.pe/evento/2026-727
2026,10,10,18,07,5.0,3.7,7.776200,-81.270300,10,https://www.emsc-csem.org/Earthquake_information/earthquake.php?id=20261010_0000318
2026,10,10,17,59,132.4,2.9,-21.160000,-68.800000,10,https://www.emsc-csem.org/Earthquake_information/earthquake.php?id=20261010_0000309
2026,10,10,17,58,6.9,2.9,39.435800,27.338200,10,https://www.emsc-csem.org/Earthquake_information/earthquake.php?id=20261010_0000308
2026,10,10,17,51,5.0,3.7,7.504200,-80.615100,10,https://www.emsc-csem.org/Earthquake_information/earthquake.php?id=20261010_0000329
2026,10,10,17,48,7.0,4.0,7.621500,-80.541400,10,https://www.emsc-csem.org/Earthquake_information/earthquake.php?id=20261010_0000303
2026,10,10,17,45,10.0,2.6,-8.230000,120.570000,10,https://www.emsc-csem.org/Earthquake_information/earthquake.php?id=20261010_0000306
2026,10,10,17,40,10.0,4.5,8.508500,-82.450600,10,https://www.emsc-csem.org/Earthquake_information/earthquake.php?id=20261010_0000312
2026,10,10,17,38,28.0,2.5,-7.890000,120.570000,10,https://www.emsc-csem.org/Earthquake_information/earthquake.php?id=20261010_0000302
2026,10,10,17,31,10.0,4.2,8.602800,-81.709000,10,https://www.emsc-csem.org/Earthquake_information/earthquake.php?id=20261010_0000300
2026,10,10,17,15,21.0,4.1,5.750000,126.450000,10,https://www.emsc-csem.org/Earthquake_information/earthquake.php?id=20261010_0000299
2026,10,10,17,02,6.0,4.0,7.705700,-81.481700,10,https://www.emsc-csem.org/Earthquake_information/earthquake.php?id=20261010_0000296
2026,10,10,17,01,92.9,2.6,-19.280000,-69.420000,10,https://www.emsc-csem.org/Earthquake_information/earthquake.php?id=20261010_0000298
2026,10,10,16,59,13.98,2.5,33.637333,-117.018333,10,https://earthquake.usgs.gov/earthquakes/eventpage/ci41346143
2026,10,10,16,58,16.0,3.9,7.594500,-80.784000,10,https://www.emsc-csem.org/Earthquake_information/earthquake.php?id=20261010_0000293
2026,10,10,16,51,10.0,2.9,-8.370000,120.660000,10,https://www.emsc-csem.org/Earthquake_information/earthquake.php?id=20261010_0000289
2026,10,10,16,49,122.0,2.9,-21.060000,-68.720000,10,https://www.emsc-csem.org/Earthquake_information/earthquake.php?id=20261010_0000291
2026,10,10,16,46,380.1,3.0,-37.109300,176.549000,10,https://www.emsc-csem.org/Earthquake_information/earthquake.php?id=20261010_0000286
2026,10,10,16,45,16.0,4.0,7.623200,-80.984000,10,https://www.emsc-csem.org/Earthquake_information/earthquake.php?id=20261010_0000297
2026,10,10,16,43,21.0,3.3,39.980000,82.960000,10,https://www.emsc-csem.org/Earthquake_information/earthquake.php?id=20261010_0000290
2026,10,10,16,42,89.0,2.6,1.820000,127.250000,10,https://www.emsc-csem.org/Earthquake_information/earthquake.php?id=20261010_0000287
2026,10,10,16,38,34.0,4.6,6.921100,-81.264800,10,https://www.emsc-csem.org/Earthquake_information/earthquake.php?id=20261010_0000313
2026,10,10,16,34,212.0,4.0,7.289900,-79.870500,10,https://www.emsc-csem.org/Earthquake_information/earthquake.php?id=20261010_0000284
2026,10,10,16,32,83.5,3.4,18.758700,-68.168500,10,https://www.emsc-csem.org/Earthquake_information/earthquake.php?id=20261010_0000288
2026,10,10,16,26,10.0,4.4,7.570000,-80.990100,10,https://www.emsc-csem.org/Earthquake_information/earthquake.php?id=20261010_0000283
2026,10,10,16,21,30.0,3.0,24.655000,93.548000,10,https://www.emsc-csem.org/Earthquake_information/earthquake.php?id=20261010_0000311
2026,10,10,16,14,13.0,2.7,-8.190000,120.450000,10,https://www.emsc-csem.org/Earthquake_information/earthquake.php?id=20261010_0000281
2026,10,10,16,05,12.0,4.7,7.508100,-80.479200,10,https://www.emsc-csem.org/Earthquake_information/earthquake.php?id=20261010_0000282
2026,10,10,15,59,10.0,3.5,-8.160000,120.460000,10,https://www.emsc-csem.org/Earthquake_information/earthquake.php?id=20261010_0000277
2026,10,10,15,59,176.4,2.8,-22.590000,-67.910000,10,https://www.emsc-csem.org/Earthquake_information/earthquake.php?id=20261010_0000280
2026,10,10,15,58,15.0,4.8,7.653500,-81.027800,10,https://www.emsc-csem.org/Earthquake_information/earthquake.php?id=20261010_0000278
2026,10,10,15,54,10.0,3.4,-8.160000,120.460000,10,https://www.emsc-csem.org/Earthquake_information/earthquake.php?id=20261010_0000276
2026,10,10,15,51,105.3,2.9,-23.360000,-68.840000,10,https://www.emsc-csem.org/Earthquake_information/earthquake.php?id=20261010_0000275
2026,10,10,15,46,2.0,3.2,40.021100,52.221500,10,https://www.emsc-csem.org/Earthquake_information/earthquake.php?id=20261010_0000285
2026,10,10,15,41,120.0,3.2,-31.470000,-69.460000,10,https://www.emsc-csem.org/Earthquake_information/earthquake.php?id=20261010_0000274
2026,10,10,15,34,15.0,4.3,7.594700,-80.965500,10,https://www.emsc-csem.org/Earthquake_information/earthquake.php?id=20261010_0000324
2026,10,10,15,26,10.0,4.2,7.334400,-80.398900,10,https://www.emsc-csem.org/Earthquake_information/earthquake.php?id=20261010_0000273
2026,10,10,15,20,42.0,3.6,-9.980000,120.420000,10,https://www.emsc-csem.org/Earthquake_information/earthquake.php?id=20261010_0000272
2026,10,10,15,17,5.0,4.2,7.571300,-81.248400,10,https://www.emsc-csem.org/Earthquake_information/earthquake.php?id=20261010_0000270
2026,10,10,15,14,1.0,3.8,7.625500,-81.293800,10,https://www.emsc-csem.org/Earthquake_information/earthquake.php?id=20261010_0000271
2026,10,10,15,10,10.0,4.6,-3.766800,151.982700,10,https://www.emsc-csem.org/Earthquake_information/earthquake.php?id=20261010_0000332
2026,10,10,15,09,10.0,2.7,-8.140000,121.260000,10,https://www.emsc-csem.org/Earthquake_information/earthquake.php?id=20261010_0000268
2026,10,10,15,06,43.0,2.5,-2.380000,120.300000,10,https://www.emsc-csem.org/Earthquake_information/earthquake.php?id=20261010_0000269
2026,10,10,14,59,10.0,4.5,7.850800,-81.364500,10,https://www.emsc-csem.org/Earthquake_information/earthquake.php?id=20261010_0000314
2026,10,10,14,55,105.1,2.6,-20.960000,-68.990000,10,https://www.emsc-csem.org/Earthquake_information/earthquake.php?id=20261010_0000266
2026,10,10,14,51,10.0,4.5,7.517800,-80.674400,10,https://www.emsc-csem.org/Earthquake_information/earthquake.php?id=20261010_0000304
2026,10,10,14,40,10.0,4.1,7.671300,-81.581800,10,https://www.emsc-csem.org/Earthquake_information/earthquake.php?id=20261010_0000263
2026,10,10,14,37,11.0,4.2,30.744000,78.414000,10,https://www.emsc-csem.org/Earthquake_information/earthquake.php?id=20261010_0000265
2026,10,10,14,32,10.0,4.2,7.754500,-80.709400,10,https://www.emsc-csem.org/Earthquake_information/earthquake.php?id=20261010_0000261
2026,10,10,14,30,10.0,3.6,-2.840000,128.330000,10,https://www.emsc-csem.org/Earthquake_information/earthquake.php?id=20261010_0000259
2026,10,10,14,25,10.0,2.7,-8.340000,120.560000,10,https://www.emsc-csem.org/Earthquake_information/earthquake.php?id=20261010_0000260
2026,10,10,14,19,211.6,3.8,-34.754900,179.620300,10,https://www.emsc-csem.org/Earthquake_information/earthquake.php?id=20261010_0000240
2026,10,10,14,18,94.2,4.4,-32.005200,-179.266900,10,https://www.emsc-csem.org/Earthquake_information/earthquake.php?id=20261010_0000310
2026,10,10,14,17,4.0,4.2,7.611800,-80.726200,10,https://www.emsc-csem.org/Earthquake_information/earthquake.php?id=20261010_0000254
2026,10,10,14,15,14.0,3.9,7.661700,-81.029500,10,https://www.emsc-csem.org/Earthquake_information/earthquake.php?id=20261010_0000255
2026,10,10,14,13,36.0,4.4,7.896900,-81.050600,10,https://www.emsc-csem.org/Earthquake_information/earthquake.php?id=20261010_0000238
2026,10,10,14,10,10.0,3.0,-8.280000,120.640000,10,https://www.emsc-csem.org/Earthquake_information/earthquake.php?id=20261010_0000236
2026,10,10,14,09,3.0,4.4,7.493500,-80.329000,10,https://www.emsc-csem.org/Earthquake_information/earthquake.php?id=20261010_0000256
2026,10,10,14,08,270.2,3.5,-22.820000,-67.060000,10,https://www.emsc-csem.org/Earthquake_information/earthquake.php?id=20261010_0000239
2026,10,10,14,06,1.0,3.8,42.214200,81.283600,10,https://www.emsc-csem.org/Earthquake_information/earthquake.php?id=20261010_0000237
2026,10,10,13,52,9.0,3.2,21.870000,99.096000,10,https://www.emsc-csem.org/Earthquake_information/earthquake.php?id=20261010_0000230
2026,10,10,13,46,12.0,4.8,7.550800,-80.496700,10,https://www.emsc-csem.org/Earthquake_information/earthquake.php?id=20261010_0000227
2026,10,10,13,40,577.4,4.7,-22.172100,-179.529800,10,https://www.emsc-csem.org/Earthquake_information/earthquake.php?id=20261010_0000262
2026,10,10,13,38,5.0,4.1,7.667400,-81.357300,10,https://www.emsc-csem.org/Earthquake_information/earthquake.php?id=20261010_0000217
2026,10,10,13,32,10.0,4.0,10.557000,-60.534000,10,https://www.emsc-csem.org/Earthquake_information/earthquake.php?id=20261010_0000216
2026,10,10,13,22,10.0,4.5,7.548100,-80.166000,10,https://www.emsc-csem.org/Earthquake_information/earthquake.php?id=20261010_0000294
2026,10,10,13,15,10.0,3.2,-2.010000,120.660000,10,https://www.emsc-csem.org/Earthquake_information/earthquake.php?id=20261010_0000214
2026,10,10,13,05,10.0,3.9,7.650900,-80.743700,10,https://www.emsc-csem.org/Earthquake_information/earthquake.php?id=20261010_0000211
2026,10,10,13,04,300.0,3.2,10.328100,-86.890700,10,https://www.emsc-csem.org/Earthquake_information/earthquake.php?id=20261010_0000315
2026,10,10,13,01,10.0,4.0,7.744400,-81.151900,10,https://www.emsc-csem.org/Earthquake_information/earthquake.php?id=20261010_0000212
2026,10,10,12,49,10.0,4.5,8.382500,-82.382500,10,https://www.emsc-csem.org/Earthquake_information/earthquake.php?id=20261010_0000316
2026,10,10,12,45,204.1,3.0,-21.370000,-67.610000,10,https://www.emsc-csem.org/Earthquake_information/earthquake.php?id=20261010_0000206
2026,10,10,12,37,5.0,4.3,7.627400,-81.313500,10,https://www.emsc-csem.org/Earthquake_information/earthquake.php?id=20261010_0000205
2026,10,10,12,34,15.0,4.7,7.729800,-80.941300,10,https://www.emsc-csem.org/Earthquake_information/earthquake.php?id=20261010_0000204
2026,10,10,12,30,7.2,4.5,50.333200,-176.351900,10,https://www.emsc-csem.org/Earthquake_information/earthquake.php?id=20261010_0000213
2026,10,10,12,28,13.0,3.9,1.920000,97.910000,10,https://www.emsc-csem.org/Earthquake_information/earthquake.php?id=20261010_0000201
2026,10,10,12,21,566.5,4.6,-19.765100,-177.454500,10,https://www.emsc-csem.org/Earthquake_information/earthquake.php?id=20261010_0000202
2026,10,10,12,18,140.2,2.9,-21.720000,-68.580000,10,https://www.emsc-csem.org/Earthquake_information/earthquake.php?id=20261010_0000200
2026,10,10,12,07,90.5,2.5,-21.320000,-69.020000,10,https://www.emsc-csem.org/Earthquake_information/earthquake.php?id=20261010_0000199
2026,10,10,12,04,10.0,3.7,8.492500,-82.469700,10,https://www.emsc-csem.org/Earthquake_information/earthquake.php?id=20261010_0000196
2026,10,10,12,01,5.0,4.2,7.523400,-80.439800,10,https://www.emsc-csem.org/Earthquake_information/earthquake.php?id=20261010_0000197
2026,10,10,11,58,4.0,3.9,8.213500,-81.939500,10,https://www.emsc-csem.org/Earthquake_information/earthquake.php?id=20261010_0000219
2026,10,10,11,53,199.0,2.8,10.441400,-84.685100,10,https://www.emsc-csem.org/Earthquake_information/earthquake.php?id=20261010_0000220
2026,10,10,11,53,75.0,4.4,-8.980000,110.690000,10,https://www.emsc-csem.org/Earthquake_information/earthquake.php?id=20261010_0000194
2026,10,10,11,48,151.0,2.5,11.344800,-84.335100,10,https://www.emsc-csem.org/Earthquake_information/earthquake.php?id=20261010_0000221
2026,10,10,11,48,44.6,2.6,-30.810000,-71.420000,10,https://www.emsc-csem.org/Earthquake_information/earthquake.php?id=20261010_0000193
2026,10,10,11,37,10.0,4.0,7.997300,-82.794500,10,https://www.emsc-csem.org/Earthquake_information/earthquake.php?id=20261010_0000222
2026,10,10,11,35,10.0,3.3,7.831300,-82.910800,10,https://www.emsc-csem.org/Earthquake_information/earthquake.php?id=20261010_0000223
2026,10,10,11,24,10.0,4.0,7.825600,-82.922600,10,https://www.emsc-csem.org/Earthquake_information/earthquake.php?id=20261010_0000180
2026,10,10,11,07,10.0,2.6,-8.220000,120.590000,10,https://www.emsc-csem.org/Earthquake_information/earthquake.php?id=20261010_0000182
2026,10,10,11,05,11.0,4.4,7.205800,-80.753900,10,https://www.emsc-csem.org/Earthquake_information/earthquake.php?id=20261010_0000178
2026,10,10,11,02,12.0,3.2,4.720000,125.140000,10,https://www.emsc-csem.org/Earthquake_information/earthquake.php?id=20261010_0000179
2026,10,10,11,00,5.0,3.6,8.615700,-82.562800,10,https://www.emsc-csem.org/Earthquake_information/earthquake.php?id=20261010_0000224
2026,10,10,10,59,28.4,3.2,19.612000,-104.269000,10,https://www.emsc-csem.org/Earthquake_information/earthquake.php?id=20261010_0000241
2026,10,10,10,55,28.8,3.0,16.813000,-99.078000,10,https://www.emsc-csem.org/Earthquake_information/earthquake.php?id=20261010_0000242
2026,10,10,10,44,134.0,2.5,12.106000,-86.919000,10,https://www.emsc-csem.org/Earthquake_information/earthquake.php?id=20261010_0000176
2026,10,10,10,38,122.0,4.6,7.344900,-81.028700,10,https://www.emsc-csem.org/Earthquake_information/earthquake.php?id=20261010_0000225
2026,10,10,10,36,105.0,2.5,-30.180000,-68.790000,10,https://www.emsc-csem.org/Earthquake_information/earthquake.php?id=20261010_0000173
2026,10,10,10,35,10.0,4.8,7.733500,-81.306800,10,https://www.emsc-csem.org/Earthquake_information/earthquake.php?id=20261010_0000175
2026,10,10,10,34,11.0,3.1,4.720000,125.050000,10,https://www.emsc-csem.org/Earthquake_information/earthquake.php?id=20261010_0000174
2026,10,10,10,30,11.9,3.6,31.448000,-114.542000,10,https://www.emsc-csem.org/Earthquake_information/earthquake.php?id=20261010_0000243
2026,10,10,10,23,10.7,3.2,41.279300,14.407700,10,https://www.emsc-csem.org/Earthquake_information/earthquake.php?id=20261010_0000172
2026,10,10,10,23,10.0,4.1,7.752700,-81.634100,10,https://www.emsc-csem.org/Earthquake_information/earthquake.php?id=20261010_0000169
2026,10,10,10,21,73.8,2.5,-22.510000,-69.020000,10,https://www.emsc-csem.org/Earthquake_information/earthquake.php?id=20261010_0000171
2026,10,10,10,18,10.0,3.2,8.660200,-82.650400,10,https://www.emsc-csem.org/Earthquake_information/earthquake.php?id=20261010_0000226
2026,10,10,10,11,56.8,4.4,-6.331300,149.286500,10,https://www.emsc-csem.org/Earthquake_information/earthquake.php?id=20261010_0000209
2026,10,10,10,10,5.0,2.8,30.005000,79.950000,10,https://www.emsc-csem.org/Earthquake_information/earthquake.php?id=20261010_0000168
2026,10,10,10,10,8.0,4.2,7.643000,-80.760800,10,https://www.emsc-csem.org/Earthquake_information/earthquake.php?id=20261010_0000229
2026,10,10,10,08,0.0,3.5,63.612000,-19.112000,10,https://www.emsc-csem.org/Earthquake_information/earthquake.php?id=20261010_0000166
2026,10,10,09,56,5.0,3.3,7.706500,-81.476200,10,https://www.emsc-csem.org/Earthquake_information/earthquake.php?id=20261010_0000183
2026,10,10,09,55,111.6,3.7,17.406000,-95.492000,10,https://www.emsc-csem.org/Earthquake_information/earthquake.php?id=20261010_0000244
2026,10,10,09,53,10.0,3.7,8.408400,-82.435100,10,https://www.emsc-csem.org/Earthquake_information/earthquake.php?id=20261010_0000184
2026,10,10,09,49,16.3,4.0,14.833000,-94.106000,10,https://www.emsc-csem.org/Earthquake_information/earthquake.php?id=20261010_0000245
2026,10,10,09,48,10.0,4.9,7.861900,-81.999700,10,https://www.emsc-csem.org/Earthquake_information/earthquake.php?id=20261010_0000185
2026,10,10,09,48,10.0,4.2,7.375400,-80.085300,10,https://www.emsc-csem.org/Earthquake_information/earthquake.php?id=20261010_0000208
2026,10,10,09,46,10.0,4.5,8.432500,-82.138900,10,https://www.emsc-csem.org/Earthquake_information/earthquake.php?id=20261010_0000186
2026,10,10,09,43,37.0,4.5,-2.872300,141.550300,10,https://www.emsc-csem.org/Earthquake_information/earthquake.php?id=20261010_0000162
2026,10,10,09,40,46.7,3.4,16.148000,-97.071000,10,https://www.emsc-csem.org/Earthquake_information/earthquake.php?id=20261010_0000246
2026,10,10,09,38,45.6,3.6,22.107000,-100.507000,10,https://www.emsc-csem.org/Earthquake_information/earthquake.php?id=20261010_0000247
2026,10,10,09,37,4.0,2.9,9.681300,-83.987200,10,https://www.emsc-csem.org/Earthquake_information/earthquake.php?id=20261010_0000187
2026,10,10,09,36,3.0,4.5,8.490300,-82.315600,10,https://www.emsc-csem.org/Earthquake_information/earthquake.php?id=20261010_0000188
2026,10,10,09,34,14.9,3.2,31.476000,-114.616000,10,https://www.emsc-csem.org/Earthquake_information/earthquake.php?id=20261010_0000248
2026,10,10,09,34,512.5,4.1,-25.778000,179.337200,10,https://www.emsc-csem.org/Earthquake_information/earthquake.php?id=20261010_0000161
2026,10,10,09,28,5.0,4.3,7.770500,-81.624000,10,https://www.emsc-csem.org/Earthquake_information/earthquake.php?id=20261010_0000234
2026,10,10,09,26,117.7,3.3,17.056000,-94.766000,10,https://www.emsc-csem.org/Earthquake_information/earthquake.php?id=20261010_0000249
2026,10,10,09,25,56.8,3.4,16.552000,-95.710000,10,https://www.emsc-csem.org/Earthquake_information/earthquake.php?id=20261010_0000250
2026,10,10,09,22,29.6,2.7,-18.530000,-70.980000,10,https://www.emsc-csem.org/Earthquake_information/earthquake.php?id=20261010_0000160
2026,10,10,09,21,12.6,3.4,16.882000,-100.056000,10,https://www.emsc-csem.org/Earthquake_information/earthquake.php?id=20261010_0000251
2026,10,10,09,19,13.0,3.9,7.654300,-81.128200,10,https://www.emsc-csem.org/Earthquake_information/earthquake.php?id=20261010_0000189
2026,10,10,09,17,10.0,4.1,-2.250000,139.850000,10,https://www.emsc-csem.org/Earthquake_information/earthquake.php?id=20261010_0000158
2026,10,10,09,03,117.3,3.0,-22.020000,-68.500000,10,https://www.emsc-csem.org/Earthquake_information/earthquake.php?id=20261010_0000157
2026,10,10,09,03,10.0,3.3,-8.220000,120.590000,10,https://www.emsc-csem.org/Earthquake_information/earthquake.php?id=20261010_0000154
2026,10,10,09,01,10.0,3.9,8.468000,-82.396300,10,https://www.emsc-csem.org/Earthquake_information/earthquake.php?id=20261010_0000153
2026,10,10,08,52,18.8,3.0,18.962800,-67.444700,10,https://www.emsc-csem.org/Earthquake_information/earthquake.php?id=20261010_0000207
2026,10,10,08,50,10.0,3.4,23.376000,97.131000,10,https://www.emsc-csem.org/Earthquake_information/earthquake.php?id=20261010_0000155
2026,10,10,08,44,21.0,2.5,10.064900,-83.173900,10,https://www.emsc-csem.org/Earthquake_information/earthquake.php?id=20261010_0000190
2026,10,10,08,38,79.4,4.5,-15.397000,-173.781600,10,https://www.emsc-csem.org/Earthquake_information/earthquake.php?id=20261010_0000150
2026,10,10,08,35,11.3,3.5,24.462000,-109.183000,10,https://www.emsc-csem.org/Earthquake_information/earthquake.php?id=20261010_0000252
2026,10,10,08,30,10.0,4.1,7.468500,-80.027100,10,https://www.emsc-csem.org/Earthquake_information/earthquake.php?id=20261010_0000147
2026,10,10,08,12,1.0,3.5,8.388600,-82.114800,10,https://www.emsc-csem.org/Earthquake_information/earthquake.php?id=20261010_0000140
2026,10,10,08,10,118.4,2.8,-21.900000,-68.770000,10,https://www.emsc-csem.org/Earthquake_information/earthquake.php?id=20261010_0000141
2026,10,10,08,09,12.5,2.9,36.678300,25.773500,10,https://www.emsc-csem.org/Earthquake_information/earthquake.php?id=20261010_0000144
2026,10,10,07,57,1.0,3.5,8.295600,-81.977200,10,https://www.emsc-csem.org/Earthquake_information/earthquake.php?id=20261010_0000136
2026,10,10,07,52,21.0,3.4,-37.634700,179.757600,10,https://www.emsc-csem.org/Earthquake_information/earthquake.php?id=20261010_0000132
2026,10,10,07,47,122.0,3.7,13.967000,-91.999000,10,https://www.emsc-csem.org/Earthquake_information/earthquake.php?id=20261010_0000133
2026,10,10,07,47,10.0,4.2,17.819100,-92.779400,10,https://www.emsc-csem.org/Earthquake_information/earthquake.php?id=20261010_0000135
2026,10,10,07,40,10.0,3.8,7.804700,-81.449800,10,https://www.emsc-csem.org/Earthquake_information/earthquake.php?id=20261010_0000159
2026,10,10,07,34,12.0,3.5,-38.117900,178.806100,10,https://www.emsc-csem.org/Earthquake_information/earthquake.php?id=20261010_0000130
2026,10,10,07,31,10.0,4.3,7.683700,-81.168200,10,https://www.emsc-csem.org/Earthquake_information/earthquake.php?id=20261010_0000129
2026,10,10,07,24,10.0,4.3,7.653400,-80.583900,10,https://www.emsc-csem.org/Earthquake_information/earthquake.php?id=20261010_0000127
2026,10,10,07,13,10.0,4.6,7.618200,-80.534800,10,https://www.emsc-csem.org/Earthquake_information/earthquake.php?id=20261010_0000138
2026,10,10,07,04,6.4,3.6,39.849800,38.829700,10,https://www.emsc-csem.org/Earthquake_information/earthquake.php?id=20261010_0000119
2026,10,10,06,58,132.0,2.8,-31.720000,-67.050000,10,https://www.emsc-csem.org/Earthquake_information/earthquake.php?id=20261010_0000117
2026,10,10,06,58,10.5,2.7,35.110200,33.947700,10,https://www.emsc-csem.org/Earthquake_information/earthquake.php?id=20261010_0000118
2026,10,10,06,47,10.0,4.5,7.522800,-79.955800,10,https://www.emsc-csem.org/Earthquake_information/earthquake.php?id=20261010_0000137
2026,10,10,06,30,24.0,2.7,24.532000,93.282000,10,https://www.emsc-csem.org/Earthquake_information/earthquake.php?id=20261010_0000113
2026,10,10,06,30,10.0,5.0,7.367200,-79.963200,10,https://www.emsc-csem.org/Earthquake_information/earthquake.php?id=20261010_0000112
2026,10,10,06,29,10.6,3.3,38.412300,15.819200,10,https://www.emsc-csem.org/Earthquake_information/earthquake.php?id=20261010_0000111
2026,10,10,06,27,10.0,4.9,7.346300,-80.030400,10,https://www.emsc-csem.org/Earthquake_information/earthquake.php?id=20261010_0000114
2026,10,10,06,26,207.0,3.3,-24.050000,-67.540000,10,https://www.emsc-csem.org/Earthquake_information/earthquake.php?id=20261010_0000110
2026,10,10,06,18,10.0,4.9,7.439700,-80.177300,10,https://www.emsc-csem.org/Earthquake_information/earthquake.php?id=20261010_0000109
2026,10,10,06,16,10.0,4.6,7.296000,-79.935900,10,https://www.emsc-csem.org/Earthquake_information/earthquake.php?id=20261010_0000121
2026,10,10,06,04,10.0,4.6,7.771500,-80.976400,10,https://www.emsc-csem.org/Earthquake_information/earthquake.php?id=20261010_0000106
2026,10,10,05,50,11.0,2.9,-0.850000,-80.560000,10,https://www.emsc-csem.org/Earthquake_information/earthquake.php?id=20261010_0000103
2026,10,10,05,45,115.1,4.5,5.267000,-75.612700,10,https://www.emsc-csem.org/Earthquake_information/earthquake.php?id=20261010_0000115
2026,10,10,05,43,13.0,2.6,-8.290000,120.580000,10,https://www.emsc-csem.org/Earthquake_information/earthquake.php?id=20261010_0000102
2026,10,10,05,39,10.0,2.6,14.131300,43.286700,10,https://www.emsc-csem.org/Earthquake_information/earthquake.php?id=20261010_0000165
2026,10,10,05,38,2.0,3.8,8.288000,-82.213300,10,https://www.emsc-csem.org/Earthquake_information/earthquake.php?id=20261010_0000100
2026,10,10,05,32,10.0,5.1,1.496200,126.358600,10,https://www.emsc-csem.org/Earthquake_information/earthquake.php?id=20261010_0000101
2026,10,10,05,21,10.0,4.4,7.527400,-81.373400,10,https://www.emsc-csem.org/Earthquake_information/earthquake.php?id=20261010_0000105
2026,10,10,05,20,81.4,2.8,-36.430000,-71.770000,10,https://www.emsc-csem.org/Earthquake_information/earthquake.php?id=20261010_0000097
2026,10,10,05,15,10.0,4.3,7.691800,-81.330000,10,https://www.emsc-csem.org/Earthquake_information/earthquake.php?id=20261010_0000095
2026,10,10,05,13,10.0,3.8,8.602700,-82.103100,10,https://www.emsc-csem.org/Earthquake_information/earthquake.php?id=20261010_0000096
2026,10,10,05,11,28.0,3.6,12.049000,-88.249000,10,https://www.emsc-csem.org/Earthquake_information/earthquake.php?id=20261010_0000092
2026,10,10,05,11,10.0,4.4,12.034400,-88.308600,10,https://earthquake.usgs.gov/earthquakes/eventpage/us6000u1cr
2026,10,10,05,10,10.0,3.6,9.038000,-81.840900,10,https://www.emsc-csem.org/Earthquake_information/earthquake.php?id=20261010_0000093
2026,10,10,05,06,11.0,2.5,8.901200,-82.674100,10,https://www.emsc-csem.org/Earthquake_information/earthquake.php?id=20261010_0000123
2026,10,10,04,49,98.5,3.3,-19.400000,-69.340000,10,https://www.emsc-csem.org/Earthquake_information/earthquake.php?id=20261010_0000088
2026,10,10,04,47,5.0,4.3,7.552800,-80.657700,10,https://www.emsc-csem.org/Earthquake_information/earthquake.php?id=20261010_0000089
2026,10,10,04,45,67.7,4.4,-8.842200,124.062500,10,https://www.emsc-csem.org/Earthquake_information/earthquake.php?id=20261010_0000084
2026,10,10,04,42,10.0,2.5,-8.300000,120.620000,10,https://www.emsc-csem.org/Earthquake_information/earthquake.php?id=20261010_0000085
2026,10,10,04,33,10.0,4.5,7.523900,-80.479100,10,https://earthquake.usgs.gov/earthquakes/eventpage/us6000u1ck
2026,10,10,04,33,11.0,3.6,7.559800,-80.597500,10,https://www.emsc-csem.org/Earthquake_information/earthquake.php?id=20261010_0000086
2026,10,10,04,21,155.6,2.7,-21.580000,-68.490000,10,https://www.emsc-csem.org/Earthquake_information/earthquake.php?id=20261010_0000078
2026,10,10,04,18,17.0,4.2,0.640000,-80.600000,10,https://www.emsc-csem.org/Earthquake_information/earthquake.php?id=20261010_0000080
2026,10,10,04,17,83.0,3.1,-8.810000,124.230000,10,https://www.emsc-csem.org/Earthquake_information/earthquake.php?id=20261010_0000079
2026,10,10,04,14,10.0,6.0,7.542500,-80.626300,10,https://www.emsc-csem.org/Earthquake_information/earthquake.php?id=20261010_0000077
2026,10,10,04,13,14.0,2.8,-9.770000,118.940000,10,https://www.emsc-csem.org/Earthquake_information/earthquake.php?id=20261010_0000076
2026,10,10,04,13,3.0,4.8,8.736400,-82.294300,10,https://www.emsc-csem.org/Earthquake_information/earthquake.php?id=20261010_0000124
2026,10,10,04,11,5.0,3.8,8.512400,-82.529600,10,https://www.emsc-csem.org/Earthquake_information/earthquake.php?id=20261010_0000073
2026,10,10,04,07,10.0,3.9,7.768800,-80.415400,10,https://www.emsc-csem.org/Earthquake_information/earthquake.php?id=20261010_0000074
2026,10,10,04,01,50.0,4.0,6.989000,-81.155100,10,https://www.emsc-csem.org/Earthquake_information/earthquake.php?id=20261010_0000125
2026,10,10,03,58,106.9,5.3,13.875300,145.092100,10,https://www.emsc-csem.org/Earthquake_information/earthquake.php?id=20261010_0000071
2026,10,10,03,56,12.0,4.7,7.593600,-80.520600,10,https://www.emsc-csem.org/Earthquake_information/earthquake.php?id=20261010_0000075
2026,10,10,03,52,113.1,3.2,-28.760000,-69.580000,10,https://www.emsc-csem.org/Earthquake_information/earthquake.php?id=20261010_0000068
2026,10,10,03,52,15.0,2.8,11.828000,-88.132000,10,https://www.emsc-csem.org/Earthquake_information/earthquake.php?id=20261010_0000070
2026,10,10,03,44,60.0,4.3,44.580000,148.220000,10,https://www.emsc-csem.org/Earthquake_information/earthquake.php?id=20261010_0000143
2026,10,10,03,20,218.5,3.0,-24.070000,-67.410000,10,https://www.emsc-csem.org/Earthquake_information/earthquake.php?id=20261010_0000063
2026,10,10,03,18,74.0,3.6,-1.930000,-79.710000,10,https://www.emsc-csem.org/Earthquake_information/earthquake.php?id=20261010_0000061
2026,10,10,03,16,10.0,3.1,32.600000,130.600000,10,https://www.emsc-csem.org/Earthquake_information/earthquake.php?id=20261010_0000060
2026,10,10,03,14,15.0,5.1,6.466300,-78.971000,10,https://www.emsc-csem.org/Earthquake_information/earthquake.php?id=20261010_0000062
2026,10,10,03,11,10.0,4.4,7.171000,-80.976800,10,https://www.emsc-csem.org/Earthquake_information/earthquake.php?id=20261010_0000059
2026,10,10,03,01,18.1,2.8,18.226200,-66.992200,10,https://www.emsc-csem.org/Earthquake_information/earthquake.php?id=20261010_0000072
2026,10,10,02,55,10.0,3.8,7.877700,-81.898800,10,https://www.emsc-csem.org/Earthquake_information/earthquake.php?id=20261010_0000051
2026,10,10,02,51,15.0,3.0,11.125000,-87.800000,10,https://www.emsc-csem.org/Earthquake_information/earthquake.php?id=20261010_0000067
2026,10,10,02,49,114.4,3.1,-22.330000,-68.620000,10,https://www.emsc-csem.org/Earthquake_information/earthquake.php?id=20261010_0000049
2026,10,10,02,48,10.0,3.1,39.567900,-123.367500,10,https://www.emsc-csem.org/Earthquake_information/earthquake.php?id=20261010_0000046
2026,10,10,02,43,15.0,4.8,7.669900,-80.970700,10,https://www.emsc-csem.org/Earthquake_information/earthquake.php?id=20261010_0000052
2026,10,10,02,38,235.3,3.2,-23.830000,-67.230000,10,https://www.emsc-csem.org/Earthquake_information/earthquake.php?id=20261010_0000044
2026,10,10,02,34,215.0,4.2,-8.190000,118.020000,10,https://www.emsc-csem.org/Earthquake_information/earthquake.php?id=20261010_0000043
2026,10,10,02,28,14.8,3.2,34.838900,34.071500,10,https://www.emsc-csem.org/Earthquake_information/earthquake.php?id=20261010_0000045
2026,10,10,02,26,12.0,5.1,7.517900,-80.442000,10,https://www.emsc-csem.org/Earthquake_information/earthquake.php?id=20261010_0000041
2026,10,10,02,24,22.0,2.9,10.316600,-86.280000,10,https://www.emsc-csem.org/Earthquake_information/earthquake.php?id=20261010_0000091
2026,10,10,02,20,3.0,4.2,7.688300,-81.405900,10,https://www.emsc-csem.org/Earthquake_information/earthquake.php?id=20261010_0000040
2026,10,10,02,13,9.0,4.2,7.689300,-81.500300,10,https://www.emsc-csem.org/Earthquake_information/earthquake.php?id=20261010_0000039
2026,10,10,02,07,6.0,3.6,7.692200,-81.486500,10,https://www.emsc-csem.org/Earthquake_information/earthquake.php?id=20261010_0000037
2026,10,10,02,00,2.5,5.1,1.440800,126.316900,10,https://www.emsc-csem.org/Earthquake_information/earthquake.php?id=20261010_0000036
2026,10,10,01,55,12.0,3.6,-7.930000,120.900000,10,https://www.emsc-csem.org/Earthquake_information/earthquake.php?id=20261010_0000031
2026,10,10,01,54,5.0,2.6,25.673000,91.113000,10,https://www.emsc-csem.org/Earthquake_information/earthquake.php?id=20261010_0000034
2026,10,10,01,47,5.0,3.8,7.733200,-81.537000,10,https://www.emsc-csem.org/Earthquake_information/earthquake.php?id=20261010_0000024
2026,10,10,01,35,10.0,4.6,7.692100,-81.306300,10,https://www.emsc-csem.org/Earthquake_information/earthquake.php?id=20261010_0000026
2026,10,10,01,30,7.0,2.7,39.434200,27.343300,10,https://www.emsc-csem.org/Earthquake_information/earthquake.php?id=20261010_0000020
2026,10,10,01,29,10.0,3.2,21.762000,98.978000,10,https://www.emsc-csem.org/Earthquake_information/earthquake.php?id=20261010_0000019
2026,10,10,01,25,64.1,2.5,-22.500000,-70.220000,10,https://www.emsc-csem.org/Earthquake_information/earthquake.php?id=20261010_0000018
2026,10,10,01,23,3.0,4.2,7.661500,-80.309200,10,https://www.emsc-csem.org/Earthquake_information/earthquake.php?id=20261010_0000014
2026,10,10,01,23,9.0,4.2,22.040000,99.060000,10,https://www.emsc-csem.org/Earthquake_information/earthquake.php?id=20261010_0000021
2026,10,10,01,23,125.4,2.9,-19.150000,-69.030000,10,https://www.emsc-csem.org/Earthquake_information/earthquake.php?id=20261010_0000016
2026,10,10,01,20,10.0,3.5,37.000000,136.400000,10,https://www.emsc-csem.org/Earthquake_information/earthquake.php?id=20261010_0000013
2026,10,10,01,11,10.0,4.9,7.585400,-80.489400,10,https://www.emsc-csem.org/Earthquake_information/earthquake.php?id=20261010_0000015
2026,10,10,01,07,12.0,3.3,12.520000,125.440000,10,https://www.emsc-csem.org/Earthquake_information/earthquake.php?id=20261010_0000012
2026,10,10,01,03,5.0,2.7,25.507000,91.534000,10,https://www.emsc-csem.org/Earthquake_information/earthquake.php?id=20261010_0000011
2026,10,10,00,57,10.0,4.5,7.357800,-80.976100,10,https://www.emsc-csem.org/Earthquake_information/earthquake.php?id=20261010_0000053
2026,10,10,00,51,12.0,4.7,7.527700,-80.556100,10,https://www.emsc-csem.org/Earthquake_information/earthquake.php?id=20261010_0000058
2026,10,10,00,47,5.5,4.8,54.069700,86.308900,10,https://www.emsc-csem.org/Earthquake_information/earthquake.php?id=20261010_0000010
2026,10,10,00,45,10.0,4.7,8.935900,-82.651600,10,https://www.emsc-csem.org/Earthquake_information/earthquake.php?id=20261010_0000028
2026,10,10,00,45,10.0,4.0,7.512700,-80.009200,10,https://www.emsc-csem.org/Earthquake_information/earthquake.php?id=20261010_0000042
2026,10,10,00,42,140.0,3.1,-28.190000,-67.430000,10,https://www.emsc-csem.org/Earthquake_information/earthquake.php?id=20261010_0000009
2026,10,10,00,38,10.0,4.7,-21.263300,168.650700,10,https://www.emsc-csem.org/Earthquake_information/earthquake.php?id=20261010_0000038
2026,10,10,00,36,12.2,2.5,33.573700,-116.769500,10,https://www.emsc-csem.org/Earthquake_information/earthquake.php?id=20261010_0000006
2026,10,10,00,22,5.0,4.1,7.749300,-81.532000,10,https://www.emsc-csem.org/Earthquake_information/earthquake.php?id=20261010_0000007
2026,10,10,00,20,19.0,3.7,8.480000,126.660000,10,https://www.emsc-csem.org/Earthquake_information/earthquake.php?id=20261010_0000005
2026,10,10,00,14,233.7,2.8,-23.870000,-67.270000,10,https://www.emsc-csem.org/Earthquake_information/earthquake.php?id=20261010_0000004
2026,10,10,00,13,5.0,4.5,7.694900,-81.441100,10,https://www.emsc-csem.org/Earthquake_information/earthquake.php?id=20261010_0000003
2026,10,10,00,10,10.0,3.5,16.315000,96.472000,10,https://www.emsc-csem.org/Earthquake_information/earthquake.php?id=20261010_0000002
2026,10,10,00,10,22.0,4.5,7.338800,-80.798000,10,https://www.emsc-csem.org/Earthquake_information/earthquake.php?id=20261010_0000029
2026,10,10,00,03,10.0,4.8,7.410600,-80.280800,10,https://www.emsc-csem.org/Earthquake_information/earthquake.php?id=20261010_0000017
2026,10,10,00,00,6.0,4.5,7.144600,-80.669100,10,https://www.emsc-csem.org/Earthquake_information/earthquake.php?id=20261010_0000001
2026,10,9,23,58,22.0,4.8,9.325900,-83.598200,10,https://www.emsc-csem.org/Earthquake_information/earthquake.php?id=20261009_0000375
2026,10,9,23,57,10.0,4.8,7.638200,-81.461600,10,https://www.emsc-csem.org/Earthquake_information/earthquake.php?id=20261009_0000377
2026,10,9,23,55,18.0,4.0,1.890000,127.030000,10,https://www.emsc-csem.org/Earthquake_information/earthquake.php?id=20261009_0000372
2026,10,9,23,54,6.0,4.5,7.236100,-79.853800,10,https://www.emsc-csem.org/Earthquake_information/earthquake.php?id=20261009_0000374
2026,10,9,23,48,0.0,3.3,40.120000,75.620000,10,https://www.emsc-csem.org/Earthquake_information/earthquake.php?id=20261009_0000383
2026,10,9,23,44,10.0,3.1,-45.327900,170.400800,10,https://www.emsc-csem.org/Earthquake_information/earthquake.php?id=20261009_0000369
2026,10,9,23,35,5.0,4.2,7.715800,-81.529300,10,https://www.emsc-csem.org/Earthquake_information/earthquake.php?id=20261009_0000371
2026,10,9,23,34,2.0,4.1,8.329200,-82.188300,10,https://www.emsc-csem.org/Earthquake_information/earthquake.php?id=20261009_0000376
2026,10,9,23,34,22.5,2.5,64.746900,-149.537900,10,https://www.emsc-csem.org/Earthquake_information/earthquake.php?id=20261009_0000373
2026,10,9,23,29,7.0,2.5,37.771000,36.126800,10,https://www.emsc-csem.org/Earthquake_information/earthquake.php?id=20261009_0000363
2026,10,9,23,23,10.0,5.0,7.763300,-81.326200,10,https://www.emsc-csem.org/Earthquake_information/earthquake.php?id=20261009_0000364
2026,10,9,23,12,10.0,5.4,7.505000,-80.181900,10,https://www.emsc-csem.org/Earthquake_information/earthquake.php?id=20261009_0000361
2026,10,9,23,10,10.0,5.1,7.428100,-80.542500,10,https://www.emsc-csem.org/Earthquake_information/earthquake.php?id=20261009_0000360
2026,10,9,23,06,10.0,4.3,7.624600,-81.417900,10,https://www.emsc-csem.org/Earthquake_information/earthquake.php?id=20261009_0000358
2026,10,9,22,54,5.0,4.1,7.617900,-80.655600,10,https://www.emsc-csem.org/Earthquake_information/earthquake.php?id=20261009_0000355
2026,10,9,22,50,250.6,3.2,-23.000000,-67.040000,10,https://www.emsc-csem.org/Earthquake_information/earthquake.php?id=20261009_0000352
2026,10,9,22,45,2.0,4.3,7.675600,-80.748700,10,https://www.emsc-csem.org/Earthquake_information/earthquake.php?id=20261009_0000359
2026,10,9,22,41,101.7,3.1,-20.880000,-68.890000,10,https://www.emsc-csem.org/Earthquake_information/earthquake.php?id=20261009_0000351
2026,10,9,22,41,10.0,4.4,7.463900,-80.064200,10,https://www.emsc-csem.org/Earthquake_information/earthquake.php?id=20261009_0000390
2026,10,9,22,29,10.0,3.4,-32.460000,-69.010000,10,https://www.emsc-csem.org/Earthquake_information/earthquake.php?id=20261009_0000345
2026,10,9,22,27,10.0,4.0,8.555500,-82.572600,10,https://www.emsc-csem.org/Earthquake_information/earthquake.php?id=20261009_0000366
2026,10,9,22,15,88.3,3.0,56.404600,-157.227300,10,https://www.emsc-csem.org/Earthquake_information/earthquake.php?id=20261009_0000340
2026,10,9,22,13,9.0,4.3,7.740300,-81.420700,10,https://www.emsc-csem.org/Earthquake_information/earthquake.php?id=20261009_0000342
2026,10,9,22,06,13.0,3.3,11.060000,123.190000,10,https://www.emsc-csem.org/Earthquake_information/earthquake.php?id=20261009_0000344
2026,10,9,21,52,26.0,4.7,8.365800,-82.838800,10,https://www.emsc-csem.org/Earthquake_information/earthquake.php?id=20261009_0000348
2026,10,9,21,52,5.0,3.3,20.967000,-103.258000,10,https://www.emsc-csem.org/Earthquake_information/earthquake.php?id=20261009_0000384
2026,10,9,21,49,10.0,3.7,28.012000,92.671000,10,https://www.emsc-csem.org/Earthquake_information/earthquake.php?id=20261009_0000337
2026,10,9,21,47,10.0,4.6,7.755100,-81.319000,10,https://www.emsc-csem.org/Earthquake_information/earthquake.php?id=20261009_0000349
2026,10,9,21,43,10.0,3.1,28.019000,92.555000,10,https://www.emsc-csem.org/Earthquake_information/earthquake.php?id=20261009_0000336
2026,10,9,21,42,144.0,3.8,17.406000,-94.614000,10,https://www.emsc-csem.org/Earthquake_information/earthquake.php?id=20261009_0000385
2026,10,9,21,39,18.5,3.8,15.002000,-93.841000,10,https://www.emsc-csem.org/Earthquake_information/earthquake.php?id=20261009_0000386
2026,10,9,21,30,5.0,4.2,7.772500,-81.576500,10,https://www.emsc-csem.org/Earthquake_information/earthquake.php?id=20261009_0000357
2026,10,9,21,22,123.1,3.9,-21.410000,-68.690000,10,https://www.emsc-csem.org/Earthquake_information/earthquake.php?id=20261009_0000329
2026,10,9,21,21,45.0,3.8,13.995000,-92.388000,10,https://www.emsc-csem.org/Earthquake_information/earthquake.php?id=20261009_0000330
2026,10,9,21,19,78.3,4.6,52.044100,157.583200,10,https://www.emsc-csem.org/Earthquake_information/earthquake.php?id=20261009_0000335
2026,10,9,21,15,10.0,3.7,8.386600,-82.058700,10,https://www.emsc-csem.org/Earthquake_information/earthquake.php?id=20261009_0000391
2026,10,9,21,05,10.0,4.9,7.725700,-81.469200,10,https://www.emsc-csem.org/Earthquake_information/earthquake.php?id=20261009_0000328
2026,10,9,21,04,35.0,3.1,-18.080000,-71.530000,10,https://www.emsc-csem.org/Earthquake_information/earthquake.php?id=20261009_0000324
2026,10,9,21,01,7.6,3.2,19.393000,-104.103000,10,https://www.emsc-csem.org/Earthquake_information/earthquake.php?id=20261009_0000387
2026,10,9,21,01,10.0,2.9,-8.210000,120.570000,10,https://www.emsc-csem.org/Earthquake_information/earthquake.php?id=20261009_0000322
2026,10,9,20,54,10.0,4.9,7.802400,-81.470200,10,https://www.emsc-csem.org/Earthquake_information/earthquake.php?id=20261009_0000326
2026,10,9,20,47,54.8,3.6,18.085000,-99.933000,10,https://www.emsc-csem.org/Earthquake_information/earthquake.php?id=20261009_0000388
2026,10,9,20,47,141.6,2.5,-34.820000,-70.430000,10,https://www.emsc-csem.org/Earthquake_information/earthquake.php?id=20261009_0000315
2026,10,9,20,44,480.0,4.4,-1.510000,119.050000,10,https://www.emsc-csem.org/Earthquake_information/earthquake.php?id=20261009_0000314
2026,10,9,20,42,35.0,5.1,7.724900,-81.490900,10,https://www.emsc-csem.org/Earthquake_information/earthquake.php?id=20261009_0000325
2026,10,9,20,38,106.5,2.7,-20.880000,-69.220000,10,https://www.emsc-csem.org/Earthquake_information/earthquake.php?id=20261009_0000311
2026,10,9,20,38,6.3,3.1,31.442000,-114.439000,10,https://www.emsc-csem.org/Earthquake_information/earthquake.php?id=20261009_0000389
2026,10,9,20,37,10.0,3.1,21.524000,73.197000,10,https://www.emsc-csem.org/Earthquake_information/earthquake.php?id=20261009_0000318
2026,10,9,20,31,8.7,2.9,63.124300,-151.500300,10,https://www.emsc-csem.org/Earthquake_information/earthquake.php?id=20261009_0000353
2026,10,9,20,25,10.0,6.6,7.701700,-81.383300,10,https://www.emsc-csem.org/Earthquake_information/earthquake.php?id=20261009_0000316
2026,10,9,20,21,8.1,5.1,7.475900,-80.527000,10,https://www.emsc-csem.org/Earthquake_information/earthquake.php?id=20261009_0000309
2026,10,9,20,20,15.0,5.0,7.684300,-81.060000,10,https://www.emsc-csem.org/Earthquake_information/earthquake.php?id=20261009_0000313
2026,10,9,20,20,50.5,4.7,-5.431200,152.110300,10,https://www.emsc-csem.org/Earthquake_information/earthquake.php?id=20261009_0000323
2026,10,9,20,16,78.0,2.9,1.990000,127.420000,10,https://www.emsc-csem.org/Earthquake_information/earthquake.php?id=20261009_0000302
2026,10,9,20,15,0.7,3.3,35.000500,33.918300,10,https://www.emsc-csem.org/Earthquake_information/earthquake.php?id=20261009_0000305
2026,10,9,20,14,4.0,4.8,8.371800,-82.445200,10,https://www.emsc-csem.org/Earthquake_information/earthquake.php?id=20261009_0000350
2026,10,9,20,04,19.0,3.4,41.210000,83.710000,10,https://www.emsc-csem.org/Earthquake_information/earthquake.php?id=20261009_0000300
2026,10,9,20,03,106.0,2.7,-21.030000,-68.840000,10,https://www.emsc-csem.org/Earthquake_information/earthquake.php?id=20261009_0000296
2026,10,9,19,49,12.0,3.7,34.688800,34.112700,10,https://www.emsc-csem.org/Earthquake_information/earthquake.php?id=20261009_0000303
2026,10,9,19,48,10.0,5.3,7.793000,-81.243500,10,https://www.emsc-csem.org/Earthquake_information/earthquake.php?id=20261009_0000294
2026,10,9,19,46,35.0,4.9,7.568400,-80.121900,10,https://www.emsc-csem.org/Earthquake_information/earthquake.php?id=20261009_0000299
2026,10,9,19,44,12.0,3.6,-2.160000,100.170000,10,https://www.emsc-csem.org/Earthquake_information/earthquake.php?id=20261009_0000293
2026,10,9,19,42,10.0,4.5,7.555400,-80.214500,10,https://www.emsc-csem.org/Earthquake_information/earthquake.php?id=20261009_0000333
2026,10,9,19,41,100.0,4.4,7.451100,-81.063600,10,https://www.emsc-csem.org/Earthquake_information/earthquake.php?id=20261009_0000306
2026,10,9,19,32,10.0,4.7,7.514700,-80.589900,10,https://www.emsc-csem.org/Earthquake_information/earthquake.php?id=20261009_0000331
2026,10,9,19,27,14.0,3.8,7.588100,-81.068200,10,https://www.emsc-csem.org/Earthquake_information/earthquake.php?id=20261009_0000308
2026,10,9,19,27,176.7,3.7,-33.984900,179.418800,10,https://www.emsc-csem.org/Earthquake_information/earthquake.php?id=20261009_0000289
2026,10,9,19,25,16.0,5.0,7.811100,-81.272200,10,https://www.emsc-csem.org/Earthquake_information/earthquake.php?id=20261009_0000304
2026,10,9,19,24,91.0,2.9,-22.470000,-68.860000,10,https://www.emsc-csem.org/Earthquake_information/earthquake.php?id=20261009_0000286
2026,10,9,19,22,10.0,5.0,8.319300,-82.422600,10,https://www.emsc-csem.org/Earthquake_information/earthquake.php?id=20261009_0000307
2026,10,9,19,18,10.0,3.6,21.777000,96.083000,10,https://www.emsc-csem.org/Earthquake_information/earthquake.php?id=20261009_0000287
2026,10,9,19,17,15.0,5.1,7.650800,-80.991400,10,https://www.emsc-csem.org/Earthquake_information/earthquake.php?id=20261009_0000288
2026,10,9,19,06,24.0,3.5,0.910000,-78.360000,10,https://www.emsc-csem.org/Earthquake_information/earthquake.php?id=20261009_0000276
2026,10,9,19,04,7.0,2.7,40.199200,31.731800,10,https://www.emsc-csem.org/Earthquake_information/earthquake.php?id=20261009_0000279
2026,10,9,19,04,13.9,5.0,7.712800,-81.264000,10,https://www.emsc-csem.org/Earthquake_information/earthquake.php?id=20261009_0000285
2026,10,9,19,01,10.0,4.2,7.686800,-81.205500,10,https://www.emsc-csem.org/Earthquake_information/earthquake.php?id=20261009_0000396
2026,10,9,18,57,10.0,4.4,7.509900,-81.046800,10,https://www.emsc-csem.org/Earthquake_information/earthquake.php?id=20261009_0000397
2026,10,9,18,55,1.0,2.5,50.073200,19.302200,10,https://www.emsc-csem.org/Earthquake_information/earthquake.php?id=20261009_0000394
2026,10,9,18,50,35.0,5.0,7.279300,-80.173700,10,https://www.emsc-csem.org/Earthquake_information/earthquake.php?id=20261009_0000282
2026,10,9,18,49,6.2,2.5,39.207700,28.168700,10,https://www.emsc-csem.org/Earthquake_information/earthquake.php?id=20261009_0000280
2026,10,9,18,47,15.0,5.2,7.630800,-81.070000,10,https://www.emsc-csem.org/Earthquake_information/earthquake.php?id=20261009_0000275
2026,10,9,18,40,84.5,3.1,60.829000,-151.737000,10,https://www.emsc-csem.org/Earthquake_information/earthquake.php?id=20261009_0000273
2026,10,9,18,37,10.0,5.8,7.479100,-80.444000,10,https://www.emsc-csem.org/Earthquake_information/earthquake.php?id=20261009_0000274
2026,10,9,18,34,6.9,2.5,36.721700,-115.615700,10,https://www.emsc-csem.org/Earthquake_information/earthquake.php?id=20261009_0000271
2026,10,9,18,33,103.3,3.2,-19.690000,-69.210000,10,https://www.emsc-csem.org/Earthquake_information/earthquake.php?id=20261009_0000272
2026,10,9,18,32,5.0,2.7,12.058000,-86.147000,10,https://www.emsc-csem.org/Earthquake_information/earthquake.php?id=20261009_0000270
2026,10,9,18,30,6.0,5.1,7.705500,-81.355000,10,https://www.emsc-csem.org/Earthquake_information/earthquake.php?id=20261009_0000277
2026,10,9,18,26,10.0,3.0,33.900000,135.100000,10,https://www.emsc-csem.org/Earthquake_information/earthquake.php?id=20261009_0000268
2026,10,9,18,23,5.0,4.0,1.530000,-78.650000,10,https://www.emsc-csem.org/Earthquake_information/earthquake.php?id=20261009_0000263
2026,10,9,18,22,8.4,5.5,7.617500,-80.292100,10,https://www.emsc-csem.org/Earthquake_information/earthquake.php?id=20261009_0000266
2026,10,9,18,15,14.0,3.4,7.566000,-80.830300,10,https://www.emsc-csem.org/Earthquake_information/earthquake.php?id=20261009_0000265
2026,10,9,18,14,13.2,3.0,-34.850000,-72.400000,10,https://www.emsc-csem.org/Earthquake_information/earthquake.php?id=20261009_0000261
2026,10,9,18,14,10.0,2.5,10.825900,-85.335600,10,https://www.emsc-csem.org/Earthquake_information/earthquake.php?id=20261009_0000283
2026,10,9,18,04,60.0,3.6,38.300000,141.600000,10,https://www.emsc-csem.org/Earthquake_information/earthquake.php?id=20261009_0000259
2026,10,9,17,56,10.0,7.7,7.564700,-80.672200,10,https://www.emsc-csem.org/Earthquake_information/earthquake.php?id=20261009_0000264
2026,10,9,17,48,22.3,2.6,61.243000,-146.145000,10,https://www.emsc-csem.org/Earthquake_information/earthquake.php?id=20261009_0000255
2026,10,9,17,44,150.0,3.1,-17.780000,-69.610000,10,https://www.emsc-csem.org/Earthquake_information/earthquake.php?id=20261009_0000256
2026,10,9,17,42,15.8,2.6,40.074900,24.778300,10,https://www.emsc-csem.org/Earthquake_information/earthquake.php?id=20261009_0000258
2026,10,9,17,30,14.6,2.7,-20.720000,-69.770000,10,https://www.emsc-csem.org/Earthquake_information/earthquake.php?id=20261009_0000253
2026,10,9,17,09,4.6,5.0,51.967300,160.522700,10,https://www.emsc-csem.org/Earthquake_information/earthquake.php?id=20261009_0000250
2026,10,9,16,59,10.0,4.3,14.107000,-93.689000,10,https://www.emsc-csem.org/Earthquake_information/earthquake.php?id=20261009_0000251
2026,10,9,16,59,6.2,4.9,52.158900,160.293300,10,https://www.emsc-csem.org/Earthquake_information/earthquake.php?id=20261009_0000252
2026,10,9,16,48,120.2,2.7,-22.060000,-68.670000,10,https://www.emsc-csem.org/Earthquake_information/earthquake.php?id=20261009_0000248
2026,10,9,16,46,60.0,3.7,43.200000,145.700000,10,https://www.emsc-csem.org/Earthquake_information/earthquake.php?id=20261009_0000245
2026,10,9,16,45,22.0,3.1,30.290000,102.860000,10,https://www.emsc-csem.org/Earthquake_information/earthquake.php?id=20261009_0000243
2026,10,9,16,45,7.0,2.6,40.680000,71.980000,10,https://www.emsc-csem.org/Earthquake_information/earthquake.php?id=20261009_0000382
2026,10,9,16,38,108.0,3.7,-8.710000,113.110000,10,https://www.emsc-csem.org/Earthquake_information/earthquake.php?id=20261009_0000239
2026,10,9,16,34,91.3,2.7,-20.330000,-69.180000,10,https://www.emsc-csem.org/Earthquake_information/earthquake.php?id=20261009_0000238
2026,10,9,16,23,10.0,3.4,16.092000,96.327000,10,https://www.emsc-csem.org/Earthquake_information/earthquake.php?id=20261009_0000235
2026,10,9,16,16,11.0,3.5,-9.820000,118.880000,10,https://www.emsc-csem.org/Earthquake_information/earthquake.php?id=20261009_0000232
2026,10,9,16,16,98.0,3.3,-31.540000,-69.470000,10,https://www.emsc-csem.org/Earthquake_information/earthquake.php?id=20261009_0000231
2026,10,9,16,15,18.4,2.5,62.313000,-148.513000,10,https://earthquake.usgs.gov/earthquakes/eventpage/aka2026uagrtn
2026,10,9,16,08,132.4,2.6,60.168000,-152.912000,10,https://earthquake.usgs.gov/earthquakes/eventpage/aka2026uaglfz
2026,10,9,16,04,220.1,3.1,-24.130000,-67.490000,10,https://www.emsc-csem.org/Earthquake_information/earthquake.php?id=20261009_0000229
2026,10,9,15,57,59.5,3.2,18.018800,-68.234200,10,https://www.emsc-csem.org/Earthquake_information/earthquake.php?id=20261009_0000242
2026,10,9,15,49,10.0,4.2,-10.350000,116.030000,10,https://www.emsc-csem.org/Earthquake_information/earthquake.php?id=20261009_0000227
2026,10,9,15,33,249.8,2.8,-24.030000,-67.510000,10,https://www.emsc-csem.org/Earthquake_information/earthquake.php?id=20261009_0000226
2026,10,9,15,18,512.1,4.8,-24.623900,179.945300,10,https://www.emsc-csem.org/Earthquake_information/earthquake.php?id=20261009_0000225
2026,10,9,15,16,10.0,2.5,-8.210000,120.470000,10,https://www.emsc-csem.org/Earthquake_information/earthquake.php?id=20261009_0000223
2026,10,9,15,08,21.0,4.3,7.670000,126.720000,10,https://www.emsc-csem.org/Earthquake_information/earthquake.php?id=20261009_0000224
2026,10,9,15,02,5.5,2.5,19.311800,-155.862000,10,https://www.emsc-csem.org/Earthquake_information/earthquake.php?id=20261009_0000222
2026,10,9,14,49,10.0,5.9,-61.254800,154.337300,10,https://www.emsc-csem.org/Earthquake_information/earthquake.php?id=20261009_0000221
2026,10,9,14,37,92.9,4.0,15.708000,-93.606000,10,https://www.emsc-csem.org/Earthquake_information/earthquake.php?id=20261009_0000219
2026,10,9,14,12,32.0,3.3,3.880000,126.570000,10,https://www.emsc-csem.org/Earthquake_information/earthquake.php?id=20261009_0000212
2026,10,9,13,57,14.0,3.0,8.765300,-82.453300,10,https://www.emsc-csem.org/Earthquake_information/earthquake.php?id=20261009_0000210
2026,10,9,13,53,10.0,2.7,-8.350000,120.530000,10,https://www.emsc-csem.org/Earthquake_information/earthquake.php?id=20261009_0000209
2026,10,9,13,51,10.0,5.4,-15.504600,168.254100,10,https://www.emsc-csem.org/Earthquake_information/earthquake.php?id=20261009_0000194
2026,10,9,13,40,228.2,4.1,-21.900000,-67.550000,10,https://www.emsc-csem.org/Earthquake_information/earthquake.php?id=20261009_0000192
2026,10,9,13,28,37.0,2.6,-8.470000,121.530000,10,https://www.emsc-csem.org/Earthquake_information/earthquake.php?id=20261009_0000188
2026,10,9,13,18,10.0,2.9,-8.290000,120.640000,10,https://www.emsc-csem.org/Earthquake_information/earthquake.php?id=20261009_0000185
2026,10,9,13,14,10.0,3.4,13.167000,-90.418000,10,https://www.emsc-csem.org/Earthquake_information/earthquake.php?id=20261009_0000184
2026,10,9,13,11,15.8,2.5,36.845900,23.168800,10,https://www.emsc-csem.org/Earthquake_information/earthquake.php?id=20261009_0000191
2026,10,9,13,08,50.0,2.7,-27.860000,-71.220000,10,https://www.emsc-csem.org/Earthquake_information/earthquake.php?id=20261009_0000183
2026,10,9,13,07,10.0,3.3,-8.390000,121.550000,10,https://www.emsc-csem.org/Earthquake_information/earthquake.php?id=20261009_0000186
2026,10,9,13,06,10.0,3.0,-8.310000,120.160000,10,https://www.emsc-csem.org/Earthquake_information/earthquake.php?id=20261009_0000189
2026,10,9,12,59,6.4,2.7,38.176000,-117.815900,10,https://www.emsc-csem.org/Earthquake_information/earthquake.php?id=20261009_0000179
2026,10,9,12,58,11.0,3.1,19.420000,121.190000,10,https://www.emsc-csem.org/Earthquake_information/earthquake.php?id=20261009_0000182
2026,10,9,12,46,3.0,3.4,8.510000,126.860000,10,https://www.emsc-csem.org/Earthquake_information/earthquake.php?id=20261009_0000180
2026,10,9,12,33,1.0,3.6,51.514600,16.136800,10,https://www.emsc-csem.org/Earthquake_information/earthquake.php?id=20261009_0000173
2026,10,9,12,33,165.0,4.8,11.629500,-86.004100,10,https://www.emsc-csem.org/Earthquake_information/earthquake.php?id=20261009_0000174
2026,10,9,12,31,32.0,2.7,12.277000,-87.491000,10,https://www.emsc-csem.org/Earthquake_information/earthquake.php?id=20261009_0000175
2026,10,9,12,28,10.0,2.8,-26.210000,27.814000,10,https://www.emsc-csem.org/Earthquake_information/earthquake.php?id=20261009_0000171
2026,10,9,12,27,85.0,4.4,53.156700,159.472100,10,https://www.emsc-csem.org/Earthquake_information/earthquake.php?id=20261009_0000177
2026,10,9,12,11,77.0,2.7,-31.060000,-67.610000,10,https://www.emsc-csem.org/Earthquake_information/earthquake.php?id=20261009_0000168
2026,10,9,11,58,8.8,3.6,35.318800,27.077100,10,https://www.emsc-csem.org/Earthquake_information/earthquake.php?id=20261009_0000170
2026,10,9,11,39,201.0,4.4,36.528100,70.476600,10,https://www.emsc-csem.org/Earthquake_information/earthquake.php?id=20261009_0000166
2026,10,9,11,23,11.3,3.0,64.923700,-150.851500,10,https://www.emsc-csem.org/Earthquake_information/earthquake.php?id=20261009_0000160
2026,10,9,11,16,92.2,2.5,-24.730000,-69.250000,10,https://www.emsc-csem.org/Earthquake_information/earthquake.php?id=20261009_0000161
2026,10,9,11,08,33.0,3.0,12.383000,-87.695000,10,https://www.emsc-csem.org/Earthquake_information/earthquake.php?id=20261009_0000158
2026,10,9,11,02,20.0,3.1,13.197000,-89.863000,10,https://www.emsc-csem.org/Earthquake_information/earthquake.php?id=20261009_0000157
2026,10,9,10,58,118.4,2.7,-21.230000,-68.900000,10,https://www.emsc-csem.org/Earthquake_information/earthquake.php?id=20261009_0000156
2026,10,9,10,57,45.7,3.2,16.439000,-97.984000,10,https://www.emsc-csem.org/Earthquake_information/earthquake.php?id=20261009_0000195
2026,10,9,10,56,130.4,3.3,16.747000,-94.058000,10,https://www.emsc-csem.org/Earthquake_information/earthquake.php?id=20261009_0000196
2026,10,9,10,55,107.0,4.2,-16.270000,-72.260000,10,https://ultimosismo.igp.gob.pe/evento/2026-726
2026,10,9,10,50,22.6,3.0,19.200000,-104.135000,10,https://www.emsc-csem.org/Earthquake_information/earthquake.php?id=20261009_0000197
2026,10,9,10,48,5.3,3.5,16.377000,-95.631000,10,https://www.emsc-csem.org/Earthquake_information/earthquake.php?id=20261009_0000198
2026,10,9,10,42,93.0,3.2,-31.360000,-68.750000,10,https://www.emsc-csem.org/Earthquake_information/earthquake.php?id=20261009_0000150
2026,10,9,10,39,5.2,3.8,15.133000,-94.269000,10,https://www.emsc-csem.org/Earthquake_information/earthquake.php?id=20261009_0000199
2026,10,9,10,38,35.0,3.9,-31.642500,-71.482800,10,https://www.emsc-csem.org/Earthquake_information/earthquake.php?id=20261009_0000147
2026,10,9,10,38,5.7,3.3,43.426800,10.337800,10,https://www.emsc-csem.org/Earthquake_information/earthquake.php?id=20261009_0000149
2026,10,9,10,28,21.1,3.2,18.947200,-64.356800,10,https://www.emsc-csem.org/Earthquake_information/earthquake.php?id=20261009_0000154
2026,10,9,10,22,105.0,5.1,-19.880900,-68.690400,10,https://www.emsc-csem.org/Earthquake_information/earthquake.php?id=20261009_0000144
2026,10,9,10,18,5.0,3.9,18.530000,-106.157000,10,https://www.emsc-csem.org/Earthquake_information/earthquake.php?id=20261009_0000200
2026,10,9,10,00,90.0,2.8,-18.810000,-69.630000,10,https://www.emsc-csem.org/Earthquake_information/earthquake.php?id=20261009_0000140
2026,10,9,09,56,22.0,2.7,8.360500,-82.822500,10,https://www.emsc-csem.org/Earthquake_information/earthquake.php?id=20261009_0000187
2026,10,9,09,52,50.6,3.0,18.153000,-98.836000,10,https://www.emsc-csem.org/Earthquake_information/earthquake.php?id=20261009_0000201
2026,10,9,09,49,277.9,4.0,45.003700,142.412100,10,https://www.emsc-csem.org/Earthquake_information/earthquake.php?id=20261009_0000164
2026,10,9,09,47,57.0,4.9,-1.891900,100.183400,10,https://www.emsc-csem.org/Earthquake_information/earthquake.php?id=20261009_0000148
2026,10,9,09,41,17.3,4.0,15.268000,-94.618000,10,https://www.emsc-csem.org/Earthquake_information/earthquake.php?id=20261009_0000138
2026,10,9,09,36,5.3,3.1,-33.041700,-71.499500,10,https://www.emsc-csem.org/Earthquake_information/earthquake.php?id=20261009_0000133
2026,10,9,09,35,5.3,3.2,27.561000,-111.615000,10,https://www.emsc-csem.org/Earthquake_information/earthquake.php?id=20261009_0000202
2026,10,9,09,32,110.4,2.6,-20.870000,-69.210000,10,https://www.emsc-csem.org/Earthquake_information/earthquake.php?id=20261009_0000132
2026,10,9,09,30,10.0,2.7,-30.820000,-67.070000,10,https://www.emsc-csem.org/Earthquake_information/earthquake.php?id=20261009_0000130
2026,10,9,09,30,13.4,3.6,31.471000,-114.604000,10,https://www.emsc-csem.org/Earthquake_information/earthquake.php?id=20261009_0000203
2026,10,9,09,29,9.3,4.8,35.257000,-35.502900,10,https://www.emsc-csem.org/Earthquake_information/earthquake.php?id=20261009_0000135
2026,10,9,09,20,32.2,3.0,16.119000,-97.476000,10,https://www.emsc-csem.org/Earthquake_information/earthquake.php?id=20261009_0000204
2026,10,9,09,18,9.3,3.6,31.460000,-114.606000,10,https://www.emsc-csem.org/Earthquake_information/earthquake.php?id=20261009_0000205
2026,10,9,09,17,10.0,4.1,13.220900,120.776600,10,https://www.emsc-csem.org/Earthquake_information/earthquake.php?id=20261009_0000129
2026,10,9,09,11,112.5,3.0,16.765000,-94.499000,10,https://www.emsc-csem.org/Earthquake_information/earthquake.php?id=20261009_0000206
2026,10,9,08,59,68.9,3.4,16.580000,-93.417000,10,https://www.emsc-csem.org/Earthquake_information/earthquake.php?id=20261009_0000207
2026,10,9,08,49,3.2,3.4,42.797200,-1.526700,10,https://www.emsc-csem.org/Earthquake_information/earthquake.php?id=20261009_0000122
2026,10,9,08,46,107.3,2.6,-23.270000,-68.520000,10,https://www.emsc-csem.org/Earthquake_information/earthquake.php?id=20261009_0000123
2026,10,9,08,42,0.0,2.6,42.810800,-1.549600,10,https://www.emsc-csem.org/Earthquake_information/earthquake.php?id=20261009_0000119
2026,10,9,08,41,28.0,3.1,9.590000,123.700000,10,https://www.emsc-csem.org/Earthquake_information/earthquake.php?id=20261009_0000124
2026,10,9,08,40,5.0,3.0,-44.430000,168.214800,10,https://www.emsc-csem.org/Earthquake_information/earthquake.php?id=20261009_0000120
2026,10,9,08,35,10.0,3.0,18.710000,-74.030000,10,https://www.emsc-csem.org/Earthquake_information/earthquake.php?id=20261009_0000117
2026,10,9,08,34,73.0,3.1,17.190000,120.440000,10,https://www.emsc-csem.org/Earthquake_information/earthquake.php?id=20261009_0000121
2026,10,9,08,27,636.6,4.8,-17.980200,-179.679500,10,https://www.emsc-csem.org/Earthquake_information/earthquake.php?id=20261009_0000116
2026,10,9,08,11,557.0,4.5,-17.572600,-178.293600,10,https://www.emsc-csem.org/Earthquake_information/earthquake.php?id=20261009_0000113
2026,10,9,07,56,4.0,3.9,12.570000,-89.438000,10,https://www.emsc-csem.org/Earthquake_information/earthquake.php?id=20261009_0000111
2026,10,9,07,45,107.0,3.9,14.110000,120.370000,10,https://www.emsc-csem.org/Earthquake_information/earthquake.php?id=20261009_0000108
2026,10,9,07,44,10.0,3.0,33.838300,-118.194100,10,https://www.emsc-csem.org/Earthquake_information/earthquake.php?id=20261009_0000107
2026,10,9,07,31,10.0,4.2,9.640000,123.640000,10,https://www.emsc-csem.org/Earthquake_information/earthquake.php?id=20261009_0000106
2026,10,9,07,30,0.0,2.5,40.550000,72.470000,10,https://www.emsc-csem.org/Earthquake_information/earthquake.php?id=20261009_0000379
2026,10,9,07,14,15.6,2.8,61.730000,-150.143000,10,https://earthquake.usgs.gov/earthquakes/eventpage/aka2026tzoqmd
2026,10,9,06,53,29.3,2.7,-23.910000,-70.670000,10,https://www.emsc-csem.org/Earthquake_information/earthquake.php?id=20261009_0000103
2026,10,9,06,41,132.9,4.3,-21.287900,-68.908000,10,https://www.emsc-csem.org/Earthquake_information/earthquake.php?id=20261009_0000102
2026,10,9,06,40,20.0,2.7,9.279300,-82.653200,10,https://www.emsc-csem.org/Earthquake_information/earthquake.php?id=20261009_0000218
2026,10,9,06,23,106.0,2.7,-31.465000,-68.545000,10,https://www.emsc-csem.org/Earthquake_information/earthquake.php?id=20261009_0000176
2026,10,9,06,16,22.6,3.3,19.989000,-70.613000,10,https://www.emsc-csem.org/Earthquake_information/earthquake.php?id=20261009_0000162
2026,10,9,06,04,10.0,3.2,28.191000,88.054000,10,https://www.emsc-csem.org/Earthquake_information/earthquake.php?id=20261009_0000098
2026,10,9,05,53,17.0,2.6,7.554000,-80.743800,10,https://www.emsc-csem.org/Earthquake_information/earthquake.php?id=20261009_0000217
2026,10,9,05,47,14.0,2.8,39.090000,25.430000,10,https://www.emsc-csem.org/Earthquake_information/earthquake.php?id=20261009_0000095
2026,10,9,05,44,17.0,2.9,13.290000,-90.217000,10,https://www.emsc-csem.org/Earthquake_information/earthquake.php?id=20261009_0000094
2026,10,9,05,37,103.0,3.5,4.820000,125.860000,10,https://www.emsc-csem.org/Earthquake_information/earthquake.php?id=20261009_0000093
2026,10,9,05,34,229.7,3.1,-23.930000,-67.260000,10,https://www.emsc-csem.org/Earthquake_information/earthquake.php?id=20261009_0000092
2026,10,9,05,19,10.0,3.1,-39.865500,173.644300,10,https://www.emsc-csem.org/Earthquake_information/earthquake.php?id=20261009_0000088
2026,10,9,05,17,58.3,3.1,-24.900000,-70.410000,10,https://www.emsc-csem.org/Earthquake_information/earthquake.php?id=20261009_0000090
2026,10,9,05,17,190.0,4.9,-24.377200,-177.446600,10,https://www.emsc-csem.org/Earthquake_information/earthquake.php?id=20261009_0000097
2026,10,9,05,16,15.0,3.7,-4.370000,-77.990000,10,https://ultimosismo.igp.gob.pe/evento/2026-725
2026,10,9,05,11,48.6,5.2,0.814900,125.992000,10,https://www.emsc-csem.org/Earthquake_information/earthquake.php?id=20261009_0000087
2026,10,9,05,07,10.0,3.8,-8.040000,119.940000,10,https://www.emsc-csem.org/Earthquake_information/earthquake.php?id=20261009_0000085
2026,10,9,05,01,19.9,2.5,-26.690000,-70.950000,10,https://www.emsc-csem.org/Earthquake_information/earthquake.php?id=20261009_0000083
2026,10,9,04,57,5.0,2.5,14.377000,-90.093000,10,https://www.emsc-csem.org/Earthquake_information/earthquake.php?id=20261009_0000084
2026,10,9,04,52,55.0,4.2,51.750000,158.900000,10,https://www.emsc-csem.org/Earthquake_information/earthquake.php?id=20261009_0000099
2026,10,9,04,46,28.3,4.0,35.058900,23.262100,10,https://www.emsc-csem.org/Earthquake_information/earthquake.php?id=20261009_0000072
2026,10,9,04,46,10.0,2.9,-3.210000,127.840000,10,https://www.emsc-csem.org/Earthquake_information/earthquake.php?id=20261009_0000079
2026,10,9,04,46,8.7,3.4,47.228700,11.476100,10,https://www.emsc-csem.org/Earthquake_information/earthquake.php?id=20261009_0000070
2026,10,9,04,42,90.9,2.6,-20.470000,-69.320000,10,https://www.emsc-csem.org/Earthquake_information/earthquake.php?id=20261009_0000073
2026,10,9,04,42,10.0,2.5,-8.380000,120.560000,10,https://www.emsc-csem.org/Earthquake_information/earthquake.php?id=20261009_0000080
2026,10,9,04,41,39.8,2.7,-26.070000,-70.820000,10,https://www.emsc-csem.org/Earthquake_information/earthquake.php?id=20261009_0000076
2026,10,9,04,21,23.0,3.8,30.290000,102.850000,10,https://www.emsc-csem.org/Earthquake_information/earthquake.php?id=20261009_0000060
2026,10,9,04,05,69.0,3.8,-8.910000,124.150000,10,https://www.emsc-csem.org/Earthquake_information/earthquake.php?id=20261009_0000057
2026,10,9,04,00,5.0,3.0,63.741000,-23.321000,10,https://www.emsc-csem.org/Earthquake_information/earthquake.php?id=20261009_0000056
2026,10,9,04,00,16.0,3.0,-7.930000,121.160000,10,https://www.emsc-csem.org/Earthquake_information/earthquake.php?id=20261009_0000055
2026,10,9,03,38,10.0,2.6,-32.850000,-68.310000,10,https://www.emsc-csem.org/Earthquake_information/earthquake.php?id=20261009_0000054
2026,10,9,03,28,10.0,3.0,-2.470000,128.770000,10,https://www.emsc-csem.org/Earthquake_information/earthquake.php?id=20261009_0000050
2026,10,9,03,12,30.3,3.7,-29.580000,-71.980000,10,https://www.emsc-csem.org/Earthquake_information/earthquake.php?id=20261009_0000046
2026,10,9,03,03,28.0,2.8,36.498900,-10.842600,10,https://www.emsc-csem.org/Earthquake_information/earthquake.php?id=20261009_0000049
2026,10,9,02,55,18.0,3.2,-8.330000,121.500000,10,https://www.emsc-csem.org/Earthquake_information/earthquake.php?id=20261009_0000039
2026,10,9,02,51,8.0,2.7,38.033500,-118.720300,10,https://www.emsc-csem.org/Earthquake_information/earthquake.php?id=20261009_0000037
2026,10,9,02,50,20.0,3.4,-8.320000,121.470000,10,https://www.emsc-csem.org/Earthquake_information/earthquake.php?id=20261009_0000038
2026,10,9,02,44,5.0,2.8,-28.401000,-65.820000,10,https://www.emsc-csem.org/Earthquake_information/earthquake.php?id=20261009_0000142
2026,10,9,02,36,269.2,4.2,40.317400,137.639600,10,https://www.emsc-csem.org/Earthquake_information/earthquake.php?id=20261009_0000059
2026,10,9,02,36,104.3,2.8,-23.370000,-68.660000,10,https://www.emsc-csem.org/Earthquake_information/earthquake.php?id=20261009_0000035
2026,10,9,02,15,10.0,2.9,28.200000,87.438000,10,https://www.emsc-csem.org/Earthquake_information/earthquake.php?id=20261009_0000036
2026,10,9,02,12,10.0,3.5,32.400000,130.500000,10,https://www.emsc-csem.org/Earthquake_information/earthquake.php?id=20261009_0000030
2026,10,9,02,11,10.0,3.8,-7.750000,120.350000,10,https://www.emsc-csem.org/Earthquake_information/earthquake.php?id=20261009_0000026
2026,10,9,02,08,105.0,3.0,1.260000,128.150000,10,https://www.emsc-csem.org/Earthquake_information/earthquake.php?id=20261009_0000027
2026,10,9,02,01,30.0,3.7,-6.030000,104.270000,10,https://www.emsc-csem.org/Earthquake_information/earthquake.php?id=20261009_0000028
2026,10,9,01,56,11.0,2.8,-8.150000,116.850000,10,https://www.emsc-csem.org/Earthquake_information/earthquake.php?id=20261009_0000022
2026,10,9,01,50,10.0,2.8,-8.450000,121.480000,10,https://www.emsc-csem.org/Earthquake_information/earthquake.php?id=20261009_0000021
2026,10,9,01,36,24.0,3.0,7.918700,-83.070200,10,https://www.emsc-csem.org/Earthquake_information/earthquake.php?id=20261009_0000193
2026,10,9,01,34,10.0,4.4,23.020200,85.263300,10,https://www.emsc-csem.org/Earthquake_information/earthquake.php?id=20261009_0000018
2026,10,9,01,33,13.3,2.7,60.556500,-139.899000,10,https://www.emsc-csem.org/Earthquake_information/earthquake.php?id=20261009_0000058
2026,10,9,01,25,10.0,4.1,6.028900,-83.097700,10,https://www.emsc-csem.org/Earthquake_information/earthquake.php?id=20261009_0000029
2026,10,9,01,23,8.0,3.0,12.085000,-87.699000,10,https://www.emsc-csem.org/Earthquake_information/earthquake.php?id=20261009_0000016
2026,10,9,01,18,10.0,2.7,25.837000,90.597000,10,https://www.emsc-csem.org/Earthquake_information/earthquake.php?id=20261009_0000015
2026,10,9,01,11,10.0,4.4,28.367900,88.567100,10,https://www.emsc-csem.org/Earthquake_information/earthquake.php?id=20261009_0000014
2026,10,9,01,02,10.0,3.4,-7.880000,120.640000,10,https://www.emsc-csem.org/Earthquake_information/earthquake.php?id=20261009_0000012
2026,10,9,01,01,10.0,3.1,31.542000,-114.520700,10,https://www.emsc-csem.org/Earthquake_information/earthquake.php?id=20261009_0000301
2026,10,9,00,59,5.0,4.0,18.690000,-74.000000,10,https://www.emsc-csem.org/Earthquake_information/earthquake.php?id=20261009_0000011
2026,10,9,00,50,114.1,2.5,-21.260000,-68.900000,10,https://www.emsc-csem.org/Earthquake_information/earthquake.php?id=20261009_0000010
2026,10,9,00,48,7.0,3.0,-38.209000,-68.553000,10,https://www.emsc-csem.org/Earthquake_information/earthquake.php?id=20261009_0000167
2026,10,9,00,46,129.6,2.5,-21.720000,-68.540000,10,https://www.emsc-csem.org/Earthquake_information/earthquake.php?id=20261009_0000007
2026,10,9,00,44,23.0,2.9,-8.370000,120.600000,10,https://www.emsc-csem.org/Earthquake_information/earthquake.php?id=20261009_0000005
2026,10,9,00,33,23.0,2.7,-8.340000,121.470000,10,https://www.emsc-csem.org/Earthquake_information/earthquake.php?id=20261009_0000003
2026,10,9,00,28,17.2,3.2,51.221000,-178.159000,10,https://www.emsc-csem.org/Earthquake_information/earthquake.php?id=20261009_0000392
2026,10,9,00,09,5.0,2.6,39.884500,39.703200,10,https://www.emsc-csem.org/Earthquake_information/earthquake.php?id=20261009_0000002
2026,10,9,00,08,14.7,3.1,19.616000,-70.005000,10,https://www.emsc-csem.org/Earthquake_information/earthquake.php?id=20261009_0000006
2026,10,9,00,04,10.0,2.6,33.195000,75.543000,10,https://www.emsc-csem.org/Earthquake_information/earthquake.php?id=20261009_0000031
2026,10,8,23,24,127.6,4.0,16.725000,-94.120000,10,https://www.emsc-csem.org/Earthquake_information/earthquake.php?id=20261008_0000330
2026,10,8,22,54,5.0,3.3,18.623000,-103.805000,10,https://www.emsc-csem.org/Earthquake_information/earthquake.php?id=20261008_0000336
2026,10,8,22,53,4.8,3.1,16.296000,-97.999000,10,https://www.emsc-csem.org/Earthquake_information/earthquake.php?id=20261008_0000337
2026,10,8,22,49,135.8,3.7,16.812000,-94.085000,10,https://www.emsc-csem.org/Earthquake_information/earthquake.php?id=20261008_0000338
2026,10,8,22,48,55.0,2.6,-30.550000,-69.140000,10,https://www.emsc-csem.org/Earthquake_information/earthquake.php?id=20261008_0000324
2026,10,8,22,47,136.0,2.8,23.284000,94.024000,10,https://www.emsc-csem.org/Earthquake_information/earthquake.php?id=20261008_0000323
2026,10,8,22,38,5.0,3.6,16.662000,-99.462000,10,https://www.emsc-csem.org/Earthquake_information/earthquake.php?id=20261008_0000339
2026,10,8,22,33,28.0,2.9,9.139700,-83.898100,10,https://www.emsc-csem.org/Earthquake_information/earthquake.php?id=20261008_0000327
2026,10,8,22,28,10.0,2.9,-0.870000,100.690000,10,https://www.emsc-csem.org/Earthquake_information/earthquake.php?id=20261008_0000319
2026,10,8,22,25,73.6,2.5,-36.100000,-71.840000,10,https://www.emsc-csem.org/Earthquake_information/earthquake.php?id=20261008_0000318
2026,10,8,22,15,14.0,3.1,-9.710000,119.050000,10,https://www.emsc-csem.org/Earthquake_information/earthquake.php?id=20261008_0000315
2026,10,8,22,14,60.0,3.3,43.200000,145.700000,10,https://www.emsc-csem.org/Earthquake_information/earthquake.php?id=20261008_0000314
2026,10,8,22,14,42.0,2.5,-18.500000,-70.830000,10,https://www.emsc-csem.org/Earthquake_information/earthquake.php?id=20261008_0000313
2026,10,8,22,13,14.0,3.7,8.106000,-82.810900,10,https://www.emsc-csem.org/Earthquake_information/earthquake.php?id=20261008_0000316
2026,10,8,22,05,30.0,2.6,-22.040000,-70.330000,10,https://www.emsc-csem.org/Earthquake_information/earthquake.php?id=20261008_0000310
2026,10,8,21,41,115.9,3.0,-22.360000,-68.730000,10,https://www.emsc-csem.org/Earthquake_information/earthquake.php?id=20261008_0000304
2026,10,8,21,41,3.7,2.8,40.820000,14.079000,10,https://www.emsc-csem.org/Earthquake_information/earthquake.php?id=20261008_0000307
2026,10,8,21,34,10.0,4.9,30.446300,-41.731700,10,https://www.emsc-csem.org/Earthquake_information/earthquake.php?id=20261008_0000348
2026,10,8,21,24,5.0,3.1,56.848000,-149.039000,10,https://www.emsc-csem.org/Earthquake_information/earthquake.php?id=20261008_0000301
2026,10,8,21,15,174.4,3.9,17.145000,-93.949000,10,https://www.emsc-csem.org/Earthquake_information/earthquake.php?id=20261008_0000340
2026,10,8,21,11,50.0,3.1,24.126000,93.622000,10,https://www.emsc-csem.org/Earthquake_information/earthquake.php?id=20261008_0000298
2026,10,8,21,08,225.1,3.1,-24.000000,-67.440000,10,https://www.emsc-csem.org/Earthquake_information/earthquake.php?id=20261008_0000297
2026,10,8,21,07,25.5,3.0,18.892000,-68.168000,10,https://www.emsc-csem.org/Earthquake_information/earthquake.php?id=20261008_0000305
2026,10,8,21,03,10.0,3.5,-2.820000,129.780000,10,https://www.emsc-csem.org/Earthquake_information/earthquake.php?id=20261008_0000296
2026,10,8,20,59,10.0,5.2,30.637500,-41.795100,10,https://www.emsc-csem.org/Earthquake_information/earthquake.php?id=20261008_0000294
2026,10,8,20,56,50.4,3.0,19.395000,-73.085000,10,https://www.emsc-csem.org/Earthquake_information/earthquake.php?id=20261008_0000306
2026,10,8,20,42,108.0,2.6,-20.450000,-69.190000,10,https://www.emsc-csem.org/Earthquake_information/earthquake.php?id=20261008_0000289
2026,10,8,20,35,2.0,3.4,-30.488400,117.825000,10,https://www.emsc-csem.org/Earthquake_information/earthquake.php?id=20261008_0000288
2026,10,8,20,34,16.1,3.5,15.524000,-94.768000,10,https://www.emsc-csem.org/Earthquake_information/earthquake.php?id=20261008_0000341
2026,10,8,20,34,10.0,3.4,-7.950000,120.680000,10,https://www.emsc-csem.org/Earthquake_information/earthquake.php?id=20261008_0000287
2026,10,8,20,32,0.5,3.0,78.307000,8.411000,10,https://www.emsc-csem.org/Earthquake_information/earthquake.php?id=20261008_0000360
2026,10,8,20,26,24.6,2.5,40.069900,24.780600,10,https://www.emsc-csem.org/Earthquake_information/earthquake.php?id=20261008_0000286
2026,10,8,20,17,18.6,2.7,40.051600,24.786100,10,https://www.emsc-csem.org/Earthquake_information/earthquake.php?id=20261008_0000283
2026,10,8,20,17,2.0,2.6,54.820000,-158.721000,10,https://earthquake.usgs.gov/earthquakes/eventpage/aka2026tystbc
2026,10,8,20,08,122.2,3.4,-21.320000,-68.850000,10,https://www.emsc-csem.org/Earthquake_information/earthquake.php?id=20261008_0000279
2026,10,8,19,53,10.0,3.2,14.369000,-90.109000,10,https://www.emsc-csem.org/Earthquake_information/earthquake.php?id=20261008_0000276
2026,10,8,19,50,15.0,3.0,-7.940000,120.870000,10,https://www.emsc-csem.org/Earthquake_information/earthquake.php?id=20261008_0000278
2026,10,8,19,49,102.2,2.9,-19.800000,-69.230000,10,https://www.emsc-csem.org/Earthquake_information/earthquake.php?id=20261008_0000273
2026,10,8,19,47,10.2,3.3,16.248000,-98.218000,10,https://www.emsc-csem.org/Earthquake_information/earthquake.php?id=20261008_0000342
2026,10,8,19,45,1.0,2.8,50.208300,18.757300,10,https://www.emsc-csem.org/Earthquake_information/earthquake.php?id=20261008_0000270
2026,10,8,19,45,10.0,3.8,1.500000,124.450000,10,https://www.emsc-csem.org/Earthquake_information/earthquake.php?id=20261008_0000274
2026,10,8,19,44,10.0,4.2,5.530000,125.370000,10,https://www.emsc-csem.org/Earthquake_information/earthquake.php?id=20261008_0000275
2026,10,8,19,40,157.0,4.2,-7.290000,128.870000,10,https://www.emsc-csem.org/Earthquake_information/earthquake.php?id=20261008_0000268
2026,10,8,19,38,10.0,3.7,27.197000,92.443000,10,https://www.emsc-csem.org/Earthquake_information/earthquake.php?id=20261008_0000271
2026,10,8,19,29,10.0,2.7,-8.030000,120.840000,10,https://www.emsc-csem.org/Earthquake_information/earthquake.php?id=20261008_0000269
2026,10,8,19,29,11.9,3.5,16.770000,-99.421000,10,https://www.emsc-csem.org/Earthquake_information/earthquake.php?id=20261008_0000343
2026,10,8,19,24,14.0,3.5,16.543000,-95.770000,10,https://www.emsc-csem.org/Earthquake_information/earthquake.php?id=20261008_0000344
2026,10,8,19,23,35.0,4.1,40.508700,142.912400,10,https://www.emsc-csem.org/Earthquake_information/earthquake.php?id=20261008_0000263
2026,10,8,19,18,68.4,2.6,51.809000,-175.059000,10,https://earthquake.usgs.gov/earthquakes/eventpage/aka2026tyqtoe
2026,10,8,19,14,5.4,3.1,30.770000,-115.141000,10,https://www.emsc-csem.org/Earthquake_information/earthquake.php?id=20261008_0000345
2026,10,8,19,11,10.0,3.2,-8.280000,106.820000,10,https://www.emsc-csem.org/Earthquake_information/earthquake.php?id=20261008_0000262
2026,10,8,19,10,10.0,3.7,-2.630000,139.020000,10,https://www.emsc-csem.org/Earthquake_information/earthquake.php?id=20261008_0000260
2026,10,8,19,06,10.0,3.6,5.550000,125.200000,10,https://www.emsc-csem.org/Earthquake_information/earthquake.php?id=20261008_0000261
2026,10,8,18,57,10.0,3.2,-8.240000,116.890000,10,https://www.emsc-csem.org/Earthquake_information/earthquake.php?id=20261008_0000258
2026,10,8,18,53,10.0,2.8,78.346000,8.380000,10,https://www.emsc-csem.org/Earthquake_information/earthquake.php?id=20261008_0000359
2026,10,8,18,50,10.0,2.8,23.465000,93.379000,10,https://www.emsc-csem.org/Earthquake_information/earthquake.php?id=20261008_0000257
2026,10,8,18,35,13.2,4.3,78.351000,7.591000,10,https://www.emsc-csem.org/Earthquake_information/earthquake.php?id=20261008_0000358
2026,10,8,18,35,56.0,3.6,-28.610000,-71.170000,10,https://www.emsc-csem.org/Earthquake_information/earthquake.php?id=20261008_0000251
2026,10,8,18,33,69.0,4.0,-5.450000,101.190000,10,https://www.emsc-csem.org/Earthquake_information/earthquake.php?id=20261008_0000252
2026,10,8,18,33,47.4,2.5,59.669200,-151.734300,10,https://www.emsc-csem.org/Earthquake_information/earthquake.php?id=20261008_0000281
2026,10,8,18,32,98.9,3.9,17.485000,-95.838000,10,https://www.emsc-csem.org/Earthquake_information/earthquake.php?id=20261008_0000346
2026,10,8,18,32,10.0,2.9,78.332000,8.462000,10,https://www.emsc-csem.org/Earthquake_information/earthquake.php?id=20261008_0000357
2026,10,8,18,32,96.0,4.6,30.843100,140.648700,10,https://www.emsc-csem.org/Earthquake_information/earthquake.php?id=20261008_0000277
2026,10,8,18,15,40.0,4.5,52.520000,159.810000,10,https://www.emsc-csem.org/Earthquake_information/earthquake.php?id=20261008_0000267
2026,10,8,18,14,4.0,3.7,14.372000,-90.103000,10,https://www.emsc-csem.org/Earthquake_information/earthquake.php?id=20261008_0000247
2026,10,8,18,13,10.0,3.4,-8.200000,120.580000,10,https://www.emsc-csem.org/Earthquake_information/earthquake.php?id=20261008_0000248
2026,10,8,18,07,33.4,3.2,55.814000,-157.682000,10,https://www.emsc-csem.org/Earthquake_information/earthquake.php?id=20261008_0000244
2026,10,8,18,05,77.0,4.8,-9.283700,120.199800,10,https://www.emsc-csem.org/Earthquake_information/earthquake.php?id=20261008_0000249
2026,10,8,18,02,7.3,3.7,14.258000,-92.174000,10,https://www.emsc-csem.org/Earthquake_information/earthquake.php?id=20261008_0000347
2026,10,8,17,50,8.9,3.4,63.717000,-23.274000,10,https://www.emsc-csem.org/Earthquake_information/earthquake.php?id=20261008_0000243
2026,10,8,17,23,10.0,3.3,78.340000,8.186000,10,https://www.emsc-csem.org/Earthquake_information/earthquake.php?id=20261008_0000355
2026,10,8,17,21,44.1,2.7,51.192000,-177.898000,10,https://earthquake.usgs.gov/earthquakes/eventpage/aka2026tymwpg
2026,10,8,17,01,10.0,3.0,-26.440000,27.366000,10,https://www.emsc-csem.org/Earthquake_information/earthquake.php?id=20261008_0000238
2026,10,8,16,53,0.8,3.0,78.314000,8.316000,10,https://www.emsc-csem.org/Earthquake_information/earthquake.php?id=20261008_0000352
2026,10,8,16,46,5.0,3.3,-30.522000,117.809700,10,https://www.emsc-csem.org/Earthquake_information/earthquake.php?id=20261008_0000235
2026,10,8,16,31,118.6,3.4,-22.300000,-68.610000,10,https://www.emsc-csem.org/Earthquake_information/earthquake.php?id=20261008_0000228
2026,10,8,16,30,10.0,3.3,78.311000,8.321000,10,https://www.emsc-csem.org/Earthquake_information/earthquake.php?id=20261008_0000351
2026,10,8,16,29,310.0,3.7,-6.880000,128.020000,10,https://www.emsc-csem.org/Earthquake_information/earthquake.php?id=20261008_0000233
2026,10,8,16,14,88.0,3.8,11.881000,-86.497000,10,https://www.emsc-csem.org/Earthquake_information/earthquake.php?id=20261008_0000224
2026,10,8,16,07,10.0,2.7,78.340000,8.262000,10,https://www.emsc-csem.org/Earthquake_information/earthquake.php?id=20261008_0000350
2026,10,8,15,58,2.9,2.9,52.699500,-127.291000,10,https://www.emsc-csem.org/Earthquake_information/earthquake.php?id=20261008_0000240
2026,10,8,15,50,30.3,2.8,35.089400,25.842600,10,https://www.emsc-csem.org/Earthquake_information/earthquake.php?id=20261008_0000222
2026,10,8,15,40,10.0,3.5,3.290000,126.230000,10,https://www.emsc-csem.org/Earthquake_information/earthquake.php?id=20261008_0000221
2026,10,8,15,23,51.0,4.7,-3.510000,101.569600,10,https://www.emsc-csem.org/Earthquake_information/earthquake.php?id=20261008_0000218
2026,10,8,15,20,10.0,2.9,-30.640000,-68.870000,10,https://www.emsc-csem.org/Earthquake_information/earthquake.php?id=20261008_0000219
2026,10,8,15,10,24.0,3.2,34.779700,26.421700,10,https://www.emsc-csem.org/Earthquake_information/earthquake.php?id=20261008_0000217
2026,10,8,15,00,10.0,3.0,-30.640000,-68.950000,10,https://www.emsc-csem.org/Earthquake_information/earthquake.php?id=20261008_0000214
2026,10,8,14,54,22.0,3.1,1.270000,126.280000,10,https://www.emsc-csem.org/Earthquake_information/earthquake.php?id=20261008_0000212
2026,10,8,14,49,17.1,3.2,71.200000,-8.517000,10,https://www.emsc-csem.org/Earthquake_information/earthquake.php?id=20261008_0000349
2026,10,8,14,20,54.4,2.5,-21.230000,-69.800000,10,https://www.emsc-csem.org/Earthquake_information/earthquake.php?id=20261008_0000211
2026,10,8,14,18,15.0,3.5,13.950000,-91.353000,10,https://www.emsc-csem.org/Earthquake_information/earthquake.php?id=20261008_0000209
2026,10,8,14,14,10.0,4.0,-7.910000,120.830000,10,https://www.emsc-csem.org/Earthquake_information/earthquake.php?id=20261008_0000208
2026,10,8,14,11,28.6,4.9,-10.059800,122.321800,10,https://www.emsc-csem.org/Earthquake_information/earthquake.php?id=20261008_0000210
2026,10,8,14,00,33.3,2.7,51.226000,-177.014000,10,https://earthquake.usgs.gov/earthquakes/eventpage/aka2026tygdoq
2026,10,8,13,57,10.0,2.8,39.700000,72.480000,10,https://www.emsc-csem.org/Earthquake_information/earthquake.php?id=20261008_0000365
2026,10,8,13,53,43.0,4.0,13.955000,-91.503000,10,https://www.emsc-csem.org/Earthquake_information/earthquake.php?id=20261008_0000192
2026,10,8,13,53,5.0,4.1,-38.991500,175.238200,10,https://www.emsc-csem.org/Earthquake_information/earthquake.php?id=20261008_0000191
2026,10,8,13,46,7.0,3.7,20.109000,72.948000,10,https://www.emsc-csem.org/Earthquake_information/earthquake.php?id=20261008_0000194
2026,10,8,13,33,10.0,2.8,-9.780000,118.970000,10,https://www.emsc-csem.org/Earthquake_information/earthquake.php?id=20261008_0000190
2026,10,8,13,29,14.0,2.5,-0.680000,122.570000,10,https://www.emsc-csem.org/Earthquake_information/earthquake.php?id=20261008_0000187
2026,10,8,13,27,192.2,3.1,-24.020000,-67.350000,10,https://www.emsc-csem.org/Earthquake_information/earthquake.php?id=20261008_0000188
2026,10,8,13,24,10.0,3.6,-8.370000,121.520000,10,https://www.emsc-csem.org/Earthquake_information/earthquake.php?id=20261008_0000183
2026,10,8,13,16,80.0,3.3,14.522000,-92.371000,10,https://www.emsc-csem.org/Earthquake_information/earthquake.php?id=20261008_0000180
2026,10,8,13,15,20.9,3.6,52.164000,-170.176000,10,https://www.emsc-csem.org/Earthquake_information/earthquake.php?id=20261008_0000223
2026,10,8,13,09,10.0,2.8,-1.240000,133.220000,10,https://www.emsc-csem.org/Earthquake_information/earthquake.php?id=20261008_0000177
2026,10,8,13,00,10.0,3.0,-8.070000,119.680000,10,https://www.emsc-csem.org/Earthquake_information/earthquake.php?id=20261008_0000184
2026,10,8,12,56,120.0,2.5,-20.610000,-69.250000,10,https://www.emsc-csem.org/Earthquake_information/earthquake.php?id=20261008_0000176
2026,10,8,12,56,39.2,3.1,-12.822100,45.638900,10,https://www.emsc-csem.org/Earthquake_information/earthquake.php?id=20261008_0000354
2026,10,8,12,55,10.0,2.9,-8.160000,120.720000,10,https://www.emsc-csem.org/Earthquake_information/earthquake.php?id=20261008_0000185
2026,10,8,12,51,35.0,2.7,-8.270000,120.920000,10,https://www.emsc-csem.org/Earthquake_information/earthquake.php?id=20261008_0000179
2026,10,8,12,44,10.0,4.0,-7.950000,120.830000,10,https://www.emsc-csem.org/Earthquake_information/earthquake.php?id=20261008_0000174
2026,10,8,12,34,143.0,4.3,6.340000,125.800000,10,https://www.emsc-csem.org/Earthquake_information/earthquake.php?id=20261008_0000175
2026,10,8,12,06,150.0,2.9,-31.390000,-69.230000,10,https://www.emsc-csem.org/Earthquake_information/earthquake.php?id=20261008_0000171
2026,10,8,12,03,115.5,3.3,-21.080000,-69.130000,10,https://www.emsc-csem.org/Earthquake_information/earthquake.php?id=20261008_0000168
2026,10,8,11,36,13.0,4.8,13.541400,-45.004300,10,https://www.emsc-csem.org/Earthquake_information/earthquake.php?id=20261008_0000167
2026,10,8,11,17,10.0,2.7,-8.300000,120.600000,10,https://www.emsc-csem.org/Earthquake_information/earthquake.php?id=20261008_0000159
2026,10,8,11,12,218.1,3.0,54.682000,-165.395000,10,https://www.emsc-csem.org/Earthquake_information/earthquake.php?id=20261008_0000362
2026,10,8,11,10,146.5,2.6,52.054000,-175.942000,10,https://earthquake.usgs.gov/earthquakes/eventpage/aka2026tyamno
2026,10,8,11,08,10.0,2.5,-38.399100,145.864900,10,https://www.emsc-csem.org/Earthquake_information/earthquake.php?id=20261008_0000157
2026,10,8,11,02,30.4,3.7,-27.470000,-71.300000,10,https://www.emsc-csem.org/Earthquake_information/earthquake.php?id=20261008_0000154
2026,10,8,10,59,10.0,4.6,-2.830000,129.730000,10,https://www.emsc-csem.org/Earthquake_information/earthquake.php?id=20261008_0000152
2026,10,8,10,56,10.0,3.2,-8.270000,120.860000,10,https://www.emsc-csem.org/Earthquake_information/earthquake.php?id=20261008_0000150
2026,10,8,10,53,10.0,3.5,16.515000,-95.070000,10,https://www.emsc-csem.org/Earthquake_information/earthquake.php?id=20261008_0000195
2026,10,8,10,50,10.0,3.2,-8.370000,121.310000,10,https://www.emsc-csem.org/Earthquake_information/earthquake.php?id=20261008_0000148
2026,10,8,10,49,27.0,3.2,5.620000,125.230000,10,https://www.emsc-csem.org/Earthquake_information/earthquake.php?id=20261008_0000151
2026,10,8,10,46,5.0,3.3,16.361000,-94.861000,10,https://www.emsc-csem.org/Earthquake_information/earthquake.php?id=20261008_0000196
2026,10,8,10,43,16.5,4.0,14.700000,-93.189000,10,https://www.emsc-csem.org/Earthquake_information/earthquake.php?id=20261008_0000153
2026,10,8,10,38,31.8,2.6,37.826400,21.054800,10,https://www.emsc-csem.org/Earthquake_information/earthquake.php?id=20261008_0000160
2026,10,8,10,33,148.2,3.6,16.858000,-93.975000,10,https://www.emsc-csem.org/Earthquake_information/earthquake.php?id=20261008_0000197
2026,10,8,10,30,196.4,3.1,-35.626900,178.371700,10,https://www.emsc-csem.org/Earthquake_information/earthquake.php?id=20261008_0000165
2026,10,8,10,27,10.9,3.3,16.527000,-94.584000,10,https://www.emsc-csem.org/Earthquake_information/earthquake.php?id=20261008_0000198
2026,10,8,10,16,10.0,3.4,30.764000,-114.558000,10,https://www.emsc-csem.org/Earthquake_information/earthquake.php?id=20261008_0000199
2026,10,8,10,10,124.0,4.8,-6.232000,130.290000,10,https://www.emsc-csem.org/Earthquake_information/earthquake.php?id=20261008_0000155
2026,10,8,10,07,600.3,5.1,-17.947200,-178.451600,10,https://www.emsc-csem.org/Earthquake_information/earthquake.php?id=20261008_0000146
2026,10,8,10,01,16.1,3.5,18.420000,-103.227000,10,https://www.emsc-csem.org/Earthquake_information/earthquake.php?id=20261008_0000200
2026,10,8,09,55,10.0,3.2,-1.790000,133.540000,10,https://www.emsc-csem.org/Earthquake_information/earthquake.php?id=20261008_0000140
2026,10,8,09,53,162.4,3.7,15.843000,-92.868000,10,https://www.emsc-csem.org/Earthquake_information/earthquake.php?id=20261008_0000201
2026,10,8,09,51,44.0,3.4,9.400000,126.150000,10,https://www.emsc-csem.org/Earthquake_information/earthquake.php?id=20261008_0000142
2026,10,8,09,51,64.8,3.7,16.397000,-96.332000,10,https://www.emsc-csem.org/Earthquake_information/earthquake.php?id=20261008_0000202
2026,10,8,09,44,57.0,3.6,14.956000,-93.237000,10,https://www.emsc-csem.org/Earthquake_information/earthquake.php?id=20261008_0000203
2026,10,8,09,42,16.3,3.5,15.107000,-94.235000,10,https://www.emsc-csem.org/Earthquake_information/earthquake.php?id=20261008_0000204
2026,10,8,09,25,10.0,2.8,40.080000,24.780000,10,https://www.emsc-csem.org/Earthquake_information/earthquake.php?id=20261008_0000141
2026,10,8,09,23,16.7,3.2,18.559000,-104.385000,10,https://www.emsc-csem.org/Earthquake_information/earthquake.php?id=20261008_0000205
2026,10,8,09,21,10.0,3.1,0.600000,120.410000,10,https://www.emsc-csem.org/Earthquake_information/earthquake.php?id=20261008_0000149
2026,10,8,09,14,40.0,3.6,39.900000,142.400000,10,https://www.emsc-csem.org/Earthquake_information/earthquake.php?id=20261008_0000131
2026,10,8,09,09,10.0,3.7,27.917000,-111.978000,10,https://www.emsc-csem.org/Earthquake_information/earthquake.php?id=20261008_0000206
2026,10,8,09,09,144.9,3.6,-41.209300,172.785500,10,https://www.emsc-csem.org/Earthquake_information/earthquake.php?id=20261008_0000129
2026,10,8,09,07,27.0,3.7,13.158000,-89.831000,10,https://www.emsc-csem.org/Earthquake_information/earthquake.php?id=20261008_0000130
2026,10,8,09,04,326.0,3.4,-40.060200,172.214900,10,https://www.emsc-csem.org/Earthquake_information/earthquake.php?id=20261008_0000126
2026,10,8,09,04,34.0,3.5,-38.557300,176.699500,10,https://www.emsc-csem.org/Earthquake_information/earthquake.php?id=20261008_0000125
2026,10,8,09,00,10.0,6.3,-15.515700,168.285000,10,https://www.emsc-csem.org/Earthquake_information/earthquake.php?id=20261008_0000124
2026,10,8,08,54,51.8,3.1,19.759000,-104.615000,10,https://www.emsc-csem.org/Earthquake_information/earthquake.php?id=20261008_0000207
2026,10,8,08,39,38.8,3.3,19.539000,-104.847000,10,https://www.emsc-csem.org/Earthquake_information/earthquake.php?id=20261008_0000216
2026,10,8,08,36,78.1,2.8,59.434200,-152.801100,10,https://www.emsc-csem.org/Earthquake_information/earthquake.php?id=20261008_0000361
2026,10,8,08,34,4.0,2.7,42.080000,73.780000,10,https://www.emsc-csem.org/Earthquake_information/earthquake.php?id=20261008_0000363
2026,10,8,08,14,21.0,2.8,12.922000,-89.087000,10,https://www.emsc-csem.org/Earthquake_information/earthquake.php?id=20261008_0000116
2026,10,8,08,09,10.0,2.7,34.106900,-117.470500,10,https://www.emsc-csem.org/Earthquake_information/earthquake.php?id=20261008_0000108
2026,10,8,08,07,35.0,5.5,5.689800,125.254800,10,https://www.emsc-csem.org/Earthquake_information/earthquake.php?id=20261008_0000110
2026,10,8,07,49,17.3,4.0,51.736000,176.323000,10,https://www.emsc-csem.org/Earthquake_information/earthquake.php?id=20261008_0000335
2026,10,8,07,48,134.7,3.4,45.392800,26.181800,10,https://www.emsc-csem.org/Earthquake_information/earthquake.php?id=20261008_0000132
2026,10,8,07,45,97.5,4.6,5.454500,94.781400,10,https://www.emsc-csem.org/Earthquake_information/earthquake.php?id=20261008_0000107
2026,10,8,07,34,15.0,3.4,-7.960000,120.860000,10,https://www.emsc-csem.org/Earthquake_information/earthquake.php?id=20261008_0000106
2026,10,8,07,26,34.6,3.1,19.085000,-66.470300,10,https://www.emsc-csem.org/Earthquake_information/earthquake.php?id=20261008_0000111
2026,10,8,06,55,137.6,4.0,17.335000,-94.634000,10,https://www.emsc-csem.org/Earthquake_information/earthquake.php?id=20261008_0000105
2026,10,8,06,55,10.0,3.1,-8.160000,120.530000,10,https://www.emsc-csem.org/Earthquake_information/earthquake.php?id=20261008_0000099
2026,10,8,06,50,14.0,3.5,-9.680000,118.940000,10,https://www.emsc-csem.org/Earthquake_information/earthquake.php?id=20261008_0000100
2026,10,8,06,49,21.0,3.4,2.380000,125.800000,10,https://www.emsc-csem.org/Earthquake_information/earthquake.php?id=20261008_0000102
2026,10,8,06,49,20.0,2.9,11.047000,-86.498000,10,https://www.emsc-csem.org/Earthquake_information/earthquake.php?id=20261008_0000098
2026,10,8,06,46,4.7,5.5,-52.533100,140.283500,10,https://www.emsc-csem.org/Earthquake_information/earthquake.php?id=20261008_0000096
2026,10,8,06,43,10.0,3.7,-1.870000,122.660000,10,https://www.emsc-csem.org/Earthquake_information/earthquake.php?id=20261008_0000091
2026,10,8,06,42,10.0,2.9,4.130000,97.430000,10,https://www.emsc-csem.org/Earthquake_information/earthquake.php?id=20261008_0000092
2026,10,8,06,42,14.0,3.5,-15.680000,-72.090000,10,https://ultimosismo.igp.gob.pe/evento/2026-724
2026,10,8,06,41,25.0,2.7,-9.710000,119.520000,10,https://www.emsc-csem.org/Earthquake_information/earthquake.php?id=20261008_0000093
2026,10,8,06,34,22.0,2.6,-8.530000,120.700000,10,https://www.emsc-csem.org/Earthquake_information/earthquake.php?id=20261008_0000090
2026,10,8,06,24,5.8,2.5,31.659000,-104.419000,10,https://www.emsc-csem.org/Earthquake_information/earthquake.php?id=20261008_0000103
2026,10,8,06,18,106.0,2.5,-31.660000,-69.360000,10,https://www.emsc-csem.org/Earthquake_information/earthquake.php?id=20261008_0000089
2026,10,8,06,10,8.0,3.3,39.620000,26.010000,10,https://www.emsc-csem.org/Earthquake_information/earthquake.php?id=20261008_0000086
2026,10,8,06,07,36.0,2.9,-4.440000,102.630000,10,https://www.emsc-csem.org/Earthquake_information/earthquake.php?id=20261008_0000083
2026,10,8,06,05,76.0,3.0,13.843000,-91.045000,10,https://www.emsc-csem.org/Earthquake_information/earthquake.php?id=20261008_0000084
2026,10,8,06,04,80.3,2.6,-32.140000,-71.190000,10,https://www.emsc-csem.org/Earthquake_information/earthquake.php?id=20261008_0000085
2026,10,8,06,03,18.0,2.5,36.097500,-9.952400,10,https://www.emsc-csem.org/Earthquake_information/earthquake.php?id=20261008_0000095
2026,10,8,05,43,13.2,2.6,35.262600,-4.540700,10,https://www.emsc-csem.org/Earthquake_information/earthquake.php?id=20261008_0000101
2026,10,8,05,39,10.0,3.7,-7.800000,120.370000,10,https://www.emsc-csem.org/Earthquake_information/earthquake.php?id=20261008_0000077
2026,10,8,05,37,15.4,3.0,40.057100,24.802600,10,https://www.emsc-csem.org/Earthquake_information/earthquake.php?id=20261008_0000079
2026,10,8,05,35,118.0,4.5,-22.235000,-68.606700,10,https://www.emsc-csem.org/Earthquake_information/earthquake.php?id=20261008_0000078
2026,10,8,05,30,13.0,3.4,-7.880000,120.910000,10,https://www.emsc-csem.org/Earthquake_information/earthquake.php?id=20261008_0000075
2026,10,8,05,17,16.0,3.2,-7.950000,120.890000,10,https://www.emsc-csem.org/Earthquake_information/earthquake.php?id=20261008_0000074
2026,10,8,05,16,28.0,2.9,12.788000,-88.893000,10,https://www.emsc-csem.org/Earthquake_information/earthquake.php?id=20261008_0000073
2026,10,8,05,06,10.0,4.7,-9.545200,118.847900,10,https://www.emsc-csem.org/Earthquake_information/earthquake.php?id=20261008_0000081
2026,10,8,04,49,7.1,5.0,-7.729300,120.415600,10,https://www.emsc-csem.org/Earthquake_information/earthquake.php?id=20261008_0000065
2026,10,8,04,42,131.8,3.1,59.964000,-153.187000,10,https://www.emsc-csem.org/Earthquake_information/earthquake.php?id=20261008_0000062
2026,10,8,04,41,33.0,4.5,36.720000,142.360000,10,https://www.emsc-csem.org/Earthquake_information/earthquake.php?id=20261008_0000087
2026,10,8,04,40,10.0,3.0,-8.090000,120.190000,10,https://www.emsc-csem.org/Earthquake_information/earthquake.php?id=20261008_0000063
2026,10,8,04,30,30.0,3.8,43.000000,145.800000,10,https://www.emsc-csem.org/Earthquake_information/earthquake.php?id=20261008_0000058
2026,10,8,04,26,163.0,4.0,-7.570000,128.230000,10,https://www.emsc-csem.org/Earthquake_information/earthquake.php?id=20261008_0000059
2026,10,8,04,25,12.0,2.5,-7.930000,120.870000,10,https://www.emsc-csem.org/Earthquake_information/earthquake.php?id=20261008_0000064
2026,10,8,04,23,10.0,3.0,32.500000,130.600000,10,https://www.emsc-csem.org/Earthquake_information/earthquake.php?id=20261008_0000057
2026,10,8,04,13,5.0,2.7,-31.184300,117.262800,10,https://www.emsc-csem.org/Earthquake_information/earthquake.php?id=20261008_0000056
2026,10,8,04,12,61.0,3.4,18.265300,-68.047100,10,https://www.emsc-csem.org/Earthquake_information/earthquake.php?id=20261008_0000076
2026,10,8,04,09,21.0,2.7,9.122400,-84.065500,10,https://www.emsc-csem.org/Earthquake_information/earthquake.php?id=20261008_0000070
2026,10,8,04,09,133.0,4.3,37.012000,72.032700,10,https://www.emsc-csem.org/Earthquake_information/earthquake.php?id=20261008_0000186
2026,10,8,03,52,107.2,3.2,-21.850000,-68.570000,10,https://www.emsc-csem.org/Earthquake_information/earthquake.php?id=20261008_0000050
2026,10,8,03,48,10.0,3.0,-33.080000,-68.890000,10,https://www.emsc-csem.org/Earthquake_information/earthquake.php?id=20261008_0000049
2026,10,8,03,47,10.0,2.6,-8.340000,121.330000,10,https://www.emsc-csem.org/Earthquake_information/earthquake.php?id=20261008_0000048
2026,10,8,03,42,360.9,4.9,38.868000,14.572900,10,https://www.emsc-csem.org/Earthquake_information/earthquake.php?id=20261008_0000044
2026,10,8,03,31,10.0,3.4,-2.440000,120.820000,10,https://www.emsc-csem.org/Earthquake_information/earthquake.php?id=20261008_0000041
2026,10,8,03,22,19.0,3.0,-7.960000,120.900000,10,https://www.emsc-csem.org/Earthquake_information/earthquake.php?id=20261008_0000038
2026,10,8,03,00,10.0,4.7,-7.952500,120.969200,10,https://www.emsc-csem.org/Earthquake_information/earthquake.php?id=20261008_0000036
2026,10,8,02,43,40.0,3.7,30.000000,130.400000,10,https://www.emsc-csem.org/Earthquake_information/earthquake.php?id=20261008_0000029
2026,10,8,02,30,10.0,4.1,-9.680000,119.430000,10,https://www.emsc-csem.org/Earthquake_information/earthquake.php?id=20261008_0000026
2026,10,8,02,28,46.3,3.0,-29.820000,-71.380000,10,https://www.emsc-csem.org/Earthquake_information/earthquake.php?id=20261008_0000025
2026,10,8,02,28,21.0,3.6,13.877000,-91.689000,10,https://www.emsc-csem.org/Earthquake_information/earthquake.php?id=20261008_0000027
2026,10,8,02,24,6.3,3.0,31.634100,-104.483700,10,https://www.emsc-csem.org/Earthquake_information/earthquake.php?id=20261008_0000028
2026,10,8,02,21,8.3,3.6,31.629200,-104.488700,10,https://www.emsc-csem.org/Earthquake_information/earthquake.php?id=20261008_0000024
2026,10,8,01,28,10.0,2.7,-25.870000,-66.620000,10,https://www.emsc-csem.org/Earthquake_information/earthquake.php?id=20261008_0000021
2026,10,8,01,19,50.4,2.6,-32.540000,-71.070000,10,https://www.emsc-csem.org/Earthquake_information/earthquake.php?id=20261008_0000018
2026,10,8,01,16,109.8,2.6,-22.390000,-68.620000,10,https://www.emsc-csem.org/Earthquake_information/earthquake.php?id=20261008_0000016
2026,10,8,01,11,96.7,2.8,63.012700,-150.119900,10,https://www.emsc-csem.org/Earthquake_information/earthquake.php?id=20261008_0000019
2026,10,8,01,03,274.0,4.5,-5.775000,129.543000,10,https://www.emsc-csem.org/Earthquake_information/earthquake.php?id=20261008_0000082
2026,10,8,01,00,10.0,4.0,-2.840000,122.860000,10,https://www.emsc-csem.org/Earthquake_information/earthquake.php?id=20261008_0000012
2026,10,8,00,58,221.7,3.0,-23.360000,-67.090000,10,https://www.emsc-csem.org/Earthquake_information/earthquake.php?id=20261008_0000011
2026,10,8,00,57,24.0,2.6,9.339200,-83.645000,10,https://www.emsc-csem.org/Earthquake_information/earthquake.php?id=20261008_0000017
2026,10,8,00,43,17.0,3.8,-2.870000,118.560000,10,https://www.emsc-csem.org/Earthquake_information/earthquake.php?id=20261008_0000008
2026,10,8,00,31,184.1,2.7,-20.780000,-68.150000,10,https://www.emsc-csem.org/Earthquake_information/earthquake.php?id=20261008_0000006
2026,10,8,00,17,10.0,3.2,1.000000,124.240000,10,https://www.emsc-csem.org/Earthquake_information/earthquake.php?id=20261008_0000003
2026,10,8,00,11,100.2,2.8,-22.960000,-69.130000,10,https://www.emsc-csem.org/Earthquake_information/earthquake.php?id=20261008_0000002
2026,10,7,23,43,141.5,2.5,-20.440000,-68.800000,10,https://www.emsc-csem.org/Earthquake_information/earthquake.php?id=20261007_0000346
2026,10,7,23,35,16.3,2.6,64.611300,-151.383600,10,https://www.emsc-csem.org/Earthquake_information/earthquake.php?id=20261007_0000349
2026,10,7,23,33,56.1,3.9,-36.610000,-72.440000,10,https://www.emsc-csem.org/Earthquake_information/earthquake.php?id=20261007_0000344
2026,10,7,23,30,123.1,2.6,-21.660000,-68.630000,10,https://www.emsc-csem.org/Earthquake_information/earthquake.php?id=20261007_0000342
2026,10,7,22,53,25.3,3.9,15.509000,-95.007000,10,https://www.emsc-csem.org/Earthquake_information/earthquake.php?id=20261007_0000352
2026,10,7,22,14,10.0,3.9,1.040000,127.900000,10,https://www.emsc-csem.org/Earthquake_information/earthquake.php?id=20261007_0000333
2026,10,7,22,14,79.5,4.0,36.361500,140.743100,10,https://www.emsc-csem.org/Earthquake_information/earthquake.php?id=20261007_0000332
2026,10,7,22,05,30.9,3.8,16.067000,-99.599000,10,https://www.emsc-csem.org/Earthquake_information/earthquake.php?id=20261007_0000353
2026,10,7,22,02,10.0,3.6,2.870000,127.470000,10,https://www.emsc-csem.org/Earthquake_information/earthquake.php?id=20261007_0000330
2026,10,7,21,51,24.0,3.0,-8.090000,107.880000,10,https://www.emsc-csem.org/Earthquake_information/earthquake.php?id=20261007_0000329
2026,10,7,21,44,18.3,3.0,16.703000,-99.429000,10,https://www.emsc-csem.org/Earthquake_information/earthquake.php?id=20261007_0000354
2026,10,7,21,36,10.0,3.1,32.500000,130.600000,10,https://www.emsc-csem.org/Earthquake_information/earthquake.php?id=20261007_0000327
2026,10,7,21,27,5.0,3.2,-38.679100,174.045300,10,https://www.emsc-csem.org/Earthquake_information/earthquake.php?id=20261007_0000325
2026,10,7,21,18,13.0,3.9,1.390000,96.930000,10,https://www.emsc-csem.org/Earthquake_information/earthquake.php?id=20261007_0000324
2026,10,7,21,07,11.5,3.1,16.245000,-98.079000,10,https://www.emsc-csem.org/Earthquake_information/earthquake.php?id=20261007_0000355
2026,10,7,20,56,188.0,4.6,12.619000,-86.974000,10,https://www.emsc-csem.org/Earthquake_information/earthquake.php?id=20261007_0000317
2026,10,7,20,52,94.2,4.0,16.899000,-95.333000,10,https://www.emsc-csem.org/Earthquake_information/earthquake.php?id=20261007_0000321
2026,10,7,20,51,15.0,3.4,-11.490000,-74.590000,10,https://ultimosismo.igp.gob.pe/evento/2026-723
2026,10,7,20,38,23.6,3.1,16.479000,-98.467000,10,https://www.emsc-csem.org/Earthquake_information/earthquake.php?id=20261007_0000356
2026,10,7,20,28,49.4,3.1,-39.165500,176.359200,10,https://www.emsc-csem.org/Earthquake_information/earthquake.php?id=20261007_0000306
2026,10,7,20,26,175.9,4.0,15.539000,-92.336000,10,https://www.emsc-csem.org/Earthquake_information/earthquake.php?id=20261007_0000312
2026,10,7,20,14,34.7,2.5,36.944300,21.799600,10,https://www.emsc-csem.org/Earthquake_information/earthquake.php?id=20261007_0000311
2026,10,7,20,02,47.7,3.8,16.215000,-96.482000,10,https://www.emsc-csem.org/Earthquake_information/earthquake.php?id=20261007_0000357
2026,10,7,20,00,10.0,2.7,-0.580000,123.400000,10,https://www.emsc-csem.org/Earthquake_information/earthquake.php?id=20261007_0000300
2026,10,7,19,59,75.0,3.3,-31.880000,-70.860000,10,https://www.emsc-csem.org/Earthquake_information/earthquake.php?id=20261007_0000298
2026,10,7,19,56,12.0,3.1,1.450000,126.590000,10,https://www.emsc-csem.org/Earthquake_information/earthquake.php?id=20261007_0000296
2026,10,7,19,55,10.0,2.5,-8.120000,120.450000,10,https://www.emsc-csem.org/Earthquake_information/earthquake.php?id=20261007_0000297
2026,10,7,19,46,25.0,3.2,13.625000,-90.835000,10,https://www.emsc-csem.org/Earthquake_information/earthquake.php?id=20261007_0000295
2026,10,7,19,45,10.5,3.7,16.534000,-98.453000,10,https://www.emsc-csem.org/Earthquake_information/earthquake.php?id=20261007_0000358
2026,10,7,19,38,69.7,3.6,16.442000,-95.325000,10,https://www.emsc-csem.org/Earthquake_information/earthquake.php?id=20261007_0000359
2026,10,7,19,36,95.6,3.9,36.523800,139.333400,10,https://www.emsc-csem.org/Earthquake_information/earthquake.php?id=20261007_0000292
2026,10,7,19,36,95.624,4.6,36.523800,139.333400,10,https://earthquake.usgs.gov/earthquakes/eventpage/us6000u0uc
2026,10,7,19,32,7.9,3.1,34.931000,22.728900,10,https://www.emsc-csem.org/Earthquake_information/earthquake.php?id=20261007_0000294
2026,10,7,19,15,114.6,2.7,-20.840000,-69.130000,10,https://www.emsc-csem.org/Earthquake_information/earthquake.php?id=20261007_0000284
2026,10,7,19,13,46.0,4.9,35.587600,140.492300,10,https://www.emsc-csem.org/Earthquake_information/earthquake.php?id=20261007_0000285
2026,10,7,19,11,10.0,2.7,-8.310000,120.580000,10,https://www.emsc-csem.org/Earthquake_information/earthquake.php?id=20261007_0000282
2026,10,7,19,00,12.4,3.5,15.684000,-94.939000,10,https://www.emsc-csem.org/Earthquake_information/earthquake.php?id=20261007_0000360
2026,10,7,18,59,78.3,2.8,59.768900,-152.243500,10,https://www.emsc-csem.org/Earthquake_information/earthquake.php?id=20261007_0000328
2026,10,7,18,59,60.2,3.0,18.117000,-97.805000,10,https://www.emsc-csem.org/Earthquake_information/earthquake.php?id=20261007_0000361
2026,10,7,18,58,10.0,3.1,-26.030000,-66.660000,10,https://www.emsc-csem.org/Earthquake_information/earthquake.php?id=20261007_0000280
2026,10,7,18,51,14.6,2.6,35.393400,26.622600,10,https://www.emsc-csem.org/Earthquake_information/earthquake.php?id=20261007_0000278
2026,10,7,18,47,10.3,2.5,35.005400,-97.884000,10,https://www.emsc-csem.org/Earthquake_information/earthquake.php?id=20261007_0000270
2026,10,7,18,43,10.0,3.4,-8.200000,120.650000,10,https://www.emsc-csem.org/Earthquake_information/earthquake.php?id=20261007_0000271
2026,10,7,18,34,31.5,3.3,17.146000,-94.219000,10,https://www.emsc-csem.org/Earthquake_information/earthquake.php?id=20261007_0000362
2026,10,7,18,34,24.0,2.7,-2.290000,141.220000,10,https://www.emsc-csem.org/Earthquake_information/earthquake.php?id=20261007_0000267
2026,10,7,18,33,45.2,2.6,19.434400,-155.584200,10,https://www.emsc-csem.org/Earthquake_information/earthquake.php?id=20261007_0000293
2026,10,7,18,20,10.0,3.0,50.717200,-130.659600,10,https://www.emsc-csem.org/Earthquake_information/earthquake.php?id=20261007_0000279
2026,10,7,18,20,11.0,3.1,-7.830000,120.920000,10,https://www.emsc-csem.org/Earthquake_information/earthquake.php?id=20261007_0000263
2026,10,7,18,15,23.0,4.8,54.487800,162.454100,10,https://www.emsc-csem.org/Earthquake_information/earthquake.php?id=20261007_0000265
2026,10,7,18,13,509.1,4.6,-24.879200,179.934200,10,https://www.emsc-csem.org/Earthquake_information/earthquake.php?id=20261007_0000266
2026,10,7,18,03,18.1,3.8,15.497000,-94.796000,10,https://www.emsc-csem.org/Earthquake_information/earthquake.php?id=20261007_0000363
2026,10,7,17,59,248.7,4.3,24.870100,141.212700,10,https://www.emsc-csem.org/Earthquake_information/earthquake.php?id=20261007_0000310
2026,10,7,17,55,7.0,2.8,40.174200,31.844800,10,https://www.emsc-csem.org/Earthquake_information/earthquake.php?id=20261007_0000259
2026,10,7,17,54,10.0,2.6,61.429000,-140.103900,10,https://www.emsc-csem.org/Earthquake_information/earthquake.php?id=20261007_0000286
2026,10,7,17,45,37.6,3.3,60.822300,-149.938000,10,https://www.emsc-csem.org/Earthquake_information/earthquake.php?id=20261007_0000257
2026,10,7,17,39,14.0,2.8,-9.770000,118.910000,10,https://www.emsc-csem.org/Earthquake_information/earthquake.php?id=20261007_0000256
2026,10,7,17,36,109.0,4.6,-4.436300,143.871100,10,https://www.emsc-csem.org/Earthquake_information/earthquake.php?id=20261007_0000277
2026,10,7,17,31,10.0,4.2,8.946200,-84.004200,10,https://www.emsc-csem.org/Earthquake_information/earthquake.php?id=20261007_0000264
2026,10,7,17,27,21.4,3.8,53.051100,-132.776300,10,https://www.emsc-csem.org/Earthquake_information/earthquake.php?id=20261007_0000275
2026,10,7,17,26,239.3,3.2,-24.010000,-67.300000,10,https://www.emsc-csem.org/Earthquake_information/earthquake.php?id=20261007_0000255
2026,10,7,17,24,58.0,2.7,-3.690000,140.920000,10,https://www.emsc-csem.org/Earthquake_information/earthquake.php?id=20261007_0000253
2026,10,7,17,17,2.5,3.5,31.171000,-103.137000,10,https://www.emsc-csem.org/Earthquake_information/earthquake.php?id=20261007_0000254
2026,10,7,17,15,17.0,2.8,-7.910000,121.100000,10,https://www.emsc-csem.org/Earthquake_information/earthquake.php?id=20261007_0000252
2026,10,7,17,15,0.0,2.5,41.480000,73.220000,10,https://www.emsc-csem.org/Earthquake_information/earthquake.php?id=20261007_0000379
2026,10,7,17,09,10.0,3.2,-8.170000,120.440000,10,https://www.emsc-csem.org/Earthquake_information/earthquake.php?id=20261007_0000249
2026,10,7,17,06,5.8,2.5,38.952000,-115.296500,10,https://www.emsc-csem.org/Earthquake_information/earthquake.php?id=20261007_0000247
2026,10,7,17,02,75.8,2.5,53.746000,-164.659000,10,https://earthquake.usgs.gov/earthquakes/eventpage/aka2026twqenx
2026,10,7,16,58,121.0,4.0,16.680000,120.560000,10,https://www.emsc-csem.org/Earthquake_information/earthquake.php?id=20261007_0000250
2026,10,7,16,54,60.0,2.5,-3.270000,140.570000,10,https://www.emsc-csem.org/Earthquake_information/earthquake.php?id=20261007_0000245
2026,10,7,16,42,111.0,4.7,5.365400,125.891900,10,https://www.emsc-csem.org/Earthquake_information/earthquake.php?id=20261007_0000248
2026,10,7,16,37,89.9,3.2,-28.110000,-69.530000,10,https://www.emsc-csem.org/Earthquake_information/earthquake.php?id=20261007_0000242
2026,10,7,16,06,162.4,4.3,-1.711600,-77.756900,10,https://www.emsc-csem.org/Earthquake_information/earthquake.php?id=20261007_0000233
2026,10,7,15,52,10.0,3.7,29.302000,81.062000,10,https://www.emsc-csem.org/Earthquake_information/earthquake.php?id=20261007_0000232
2026,10,7,15,51,105.0,3.5,2.380000,127.630000,10,https://www.emsc-csem.org/Earthquake_information/earthquake.php?id=20261007_0000230
2026,10,7,15,48,45.1,3.8,-19.170000,-70.120000,10,https://www.emsc-csem.org/Earthquake_information/earthquake.php?id=20261007_0000229
2026,10,7,15,46,109.3,4.7,-21.132500,-68.656700,10,https://www.emsc-csem.org/Earthquake_information/earthquake.php?id=20261007_0000227
2026,10,7,15,34,11.0,3.9,-7.990000,120.880000,10,https://www.emsc-csem.org/Earthquake_information/earthquake.php?id=20261007_0000225
2026,10,7,15,32,29.1,2.5,-32.760000,-71.670000,10,https://www.emsc-csem.org/Earthquake_information/earthquake.php?id=20261007_0000228
2026,10,7,15,27,25.0,3.1,11.688000,-87.109000,10,https://www.emsc-csem.org/Earthquake_information/earthquake.php?id=20261007_0000224
2026,10,7,15,22,102.9,3.2,-45.583800,167.324100,10,https://www.emsc-csem.org/Earthquake_information/earthquake.php?id=20261007_0000219
2026,10,7,15,22,10.0,4.1,-7.940000,120.870000,10,https://www.emsc-csem.org/Earthquake_information/earthquake.php?id=20261007_0000220
2026,10,7,15,10,10.0,4.2,14.436000,-93.404000,10,https://www.emsc-csem.org/Earthquake_information/earthquake.php?id=20261007_0000223
2026,10,7,15,09,206.1,2.7,-23.970000,-67.180000,10,https://www.emsc-csem.org/Earthquake_information/earthquake.php?id=20261007_0000226
2026,10,7,14,59,76.0,2.9,1.590000,126.390000,10,https://www.emsc-csem.org/Earthquake_information/earthquake.php?id=20261007_0000216
2026,10,7,14,59,10.0,5.2,-6.705600,72.344600,10,https://www.emsc-csem.org/Earthquake_information/earthquake.php?id=20261007_0000217
2026,10,7,14,08,39.7,3.4,19.045800,-65.415000,10,https://www.emsc-csem.org/Earthquake_information/earthquake.php?id=20261007_0000213
2026,10,7,14,04,239.8,3.0,-23.820000,-67.400000,10,https://www.emsc-csem.org/Earthquake_information/earthquake.php?id=20261007_0000195
2026,10,7,13,47,10.0,2.6,-8.250000,120.250000,10,https://www.emsc-csem.org/Earthquake_information/earthquake.php?id=20261007_0000193
2026,10,7,13,43,60.6,2.6,-31.160000,-71.400000,10,https://www.emsc-csem.org/Earthquake_information/earthquake.php?id=20261007_0000192
2026,10,7,13,43,10.0,2.6,-8.220000,120.260000,10,https://www.emsc-csem.org/Earthquake_information/earthquake.php?id=20261007_0000191
2026,10,7,13,37,70.0,3.0,-7.880000,121.150000,10,https://www.emsc-csem.org/Earthquake_information/earthquake.php?id=20261007_0000194
2026,10,7,13,23,107.0,2.7,-31.477000,-68.580000,10,https://www.emsc-csem.org/Earthquake_information/earthquake.php?id=20261007_0000251
2026,10,7,13,16,10.0,4.3,14.372000,-93.344000,10,https://www.emsc-csem.org/Earthquake_information/earthquake.php?id=20261007_0000188
2026,10,7,12,56,2.0,3.2,9.380000,125.360000,10,https://www.emsc-csem.org/Earthquake_information/earthquake.php?id=20261007_0000185
2026,10,7,12,44,10.0,3.4,-8.240000,120.260000,10,https://www.emsc-csem.org/Earthquake_information/earthquake.php?id=20261007_0000180
2026,10,7,12,39,25.0,2.5,8.230800,-82.760000,10,https://www.emsc-csem.org/Earthquake_information/earthquake.php?id=20261007_0000212
2026,10,7,12,35,5.0,3.6,-26.998000,26.852300,10,https://earthquake.usgs.gov/earthquakes/eventpage/us6000u0rc
2026,10,7,12,26,2.5,3.5,50.170000,-169.588000,10,https://earthquake.usgs.gov/earthquakes/eventpage/aka2026twhacm
2026,10,7,12,09,1.0,2.9,64.993900,-133.485800,10,https://www.emsc-csem.org/Earthquake_information/earthquake.php?id=20261007_0000375
2026,10,7,12,03,10.0,4.2,-8.400000,121.430000,10,https://www.emsc-csem.org/Earthquake_information/earthquake.php?id=20261007_0000173
2026,10,7,12,01,10.0,4.0,17.690000,-102.233000,10,https://www.emsc-csem.org/Earthquake_information/earthquake.php?id=20261007_0000176
2026,10,7,12,01,225.6,3.0,-21.040000,-68.190000,10,https://www.emsc-csem.org/Earthquake_information/earthquake.php?id=20261007_0000175
2026,10,7,11,50,10.0,2.7,67.178300,-156.882300,10,https://www.emsc-csem.org/Earthquake_information/earthquake.php?id=20261007_0000189
2026,10,7,11,49,14.0,2.6,35.350000,26.640000,10,https://www.emsc-csem.org/Earthquake_information/earthquake.php?id=20261007_0000172
2026,10,7,11,42,14.5,2.7,41.195100,43.039000,10,https://www.emsc-csem.org/Earthquake_information/earthquake.php?id=20261007_0000170
2026,10,7,11,31,5.1,2.7,38.901800,-115.277700,10,https://www.emsc-csem.org/Earthquake_information/earthquake.php?id=20261007_0000167
2026,10,7,11,24,20.0,4.2,52.180000,160.580000,10,https://www.emsc-csem.org/Earthquake_information/earthquake.php?id=20261007_0000181
2026,10,7,11,23,5.0,3.1,-26.006000,-66.691000,10,https://www.emsc-csem.org/Earthquake_information/earthquake.php?id=20261007_0000218
2026,10,7,11,17,7.3,3.2,-38.411700,145.847600,10,https://www.emsc-csem.org/Earthquake_information/earthquake.php?id=20261007_0000166
2026,10,7,11,05,30.0,3.5,-31.570000,-71.840000,10,https://www.emsc-csem.org/Earthquake_information/earthquake.php?id=20261007_0000164
2026,10,7,10,58,7.0,3.0,37.735700,36.136200,10,https://www.emsc-csem.org/Earthquake_information/earthquake.php?id=20261007_0000163
2026,10,7,10,57,139.8,4.7,1.579800,124.670200,10,https://www.emsc-csem.org/Earthquake_information/earthquake.php?id=20261007_0000165
2026,10,7,10,56,5.0,3.0,28.500000,104.650000,10,https://www.emsc-csem.org/Earthquake_information/earthquake.php?id=20261007_0000160
2026,10,7,10,54,60.0,3.1,19.261000,-104.525000,10,https://www.emsc-csem.org/Earthquake_information/earthquake.php?id=20261007_0000199
2026,10,7,10,53,10.0,3.6,30.503000,-114.256000,10,https://www.emsc-csem.org/Earthquake_information/earthquake.php?id=20261007_0000200
2026,10,7,10,46,10.0,3.8,30.575000,-114.244000,10,https://www.emsc-csem.org/Earthquake_information/earthquake.php?id=20261007_0000201
2026,10,7,10,43,4.5,3.2,17.091000,-99.895000,10,https://www.emsc-csem.org/Earthquake_information/earthquake.php?id=20261007_0000202
2026,10,7,10,41,65.0,3.4,15.890000,-94.566000,10,https://www.emsc-csem.org/Earthquake_information/earthquake.php?id=20261007_0000203
2026,10,7,10,36,16.2,3.9,15.756000,-94.749000,10,https://www.emsc-csem.org/Earthquake_information/earthquake.php?id=20261007_0000204
2026,10,7,10,35,28.8,3.6,16.549000,-98.449000,10,https://www.emsc-csem.org/Earthquake_information/earthquake.php?id=20261007_0000205
2026,10,7,10,34,120.0,2.8,-28.750000,-68.610000,10,https://www.emsc-csem.org/Earthquake_information/earthquake.php?id=20261007_0000156
2026,10,7,10,29,10.3,3.2,38.075700,38.399200,10,https://www.emsc-csem.org/Earthquake_information/earthquake.php?id=20261007_0000154
2026,10,7,10,27,10.0,3.7,15.007000,-93.367000,10,https://www.emsc-csem.org/Earthquake_information/earthquake.php?id=20261007_0000206
2026,10,7,10,25,45.9,3.4,17.423000,-101.021000,10,https://www.emsc-csem.org/Earthquake_information/earthquake.php?id=20261007_0000207
2026,10,7,10,22,10.0,3.1,-36.515300,176.876000,10,https://www.emsc-csem.org/Earthquake_information/earthquake.php?id=20261007_0000152
2026,10,7,10,20,530.0,4.5,-24.320200,179.934600,10,https://www.emsc-csem.org/Earthquake_information/earthquake.php?id=20261007_0000155
2026,10,7,10,09,87.1,3.5,15.966000,-94.358000,10,https://www.emsc-csem.org/Earthquake_information/earthquake.php?id=20261007_0000208
2026,10,7,10,03,282.3,3.1,-38.612100,175.245500,10,https://www.emsc-csem.org/Earthquake_information/earthquake.php?id=20261007_0000142
2026,10,7,09,56,10.0,3.4,17.348000,-101.328000,10,https://www.emsc-csem.org/Earthquake_information/earthquake.php?id=20261007_0000209
2026,10,7,09,55,16.0,3.9,15.448000,-95.579000,10,https://www.emsc-csem.org/Earthquake_information/earthquake.php?id=20261007_0000210
2026,10,7,09,32,10.0,3.6,-9.580000,119.080000,10,https://www.emsc-csem.org/Earthquake_information/earthquake.php?id=20261007_0000139
2026,10,7,09,27,151.0,3.0,-26.117000,-66.479000,10,https://www.emsc-csem.org/Earthquake_information/earthquake.php?id=20261007_0000236
2026,10,7,09,26,63.0,3.7,-9.150000,123.890000,10,https://www.emsc-csem.org/Earthquake_information/earthquake.php?id=20261007_0000138
2026,10,7,09,09,47.0,3.9,-30.133100,-71.171300,10,https://www.emsc-csem.org/Earthquake_information/earthquake.php?id=20261007_0000132
2026,10,7,09,01,25.0,2.5,8.338700,-82.766500,10,https://www.emsc-csem.org/Earthquake_information/earthquake.php?id=20261007_0000147
2026,10,7,08,47,105.5,3.5,51.707000,178.854000,10,https://www.emsc-csem.org/Earthquake_information/earthquake.php?id=20261007_0000374
2026,10,7,08,47,10.0,3.8,-0.240000,131.390000,10,https://www.emsc-csem.org/Earthquake_information/earthquake.php?id=20261007_0000130
2026,10,7,08,42,30.2,2.7,-19.520000,-70.570000,10,https://www.emsc-csem.org/Earthquake_information/earthquake.php?id=20261007_0000124
2026,10,7,08,42,9.0,3.3,-12.230000,-75.300000,10,https://ultimosismo.igp.gob.pe/evento/2026-722
2026,10,7,08,40,7.0,2.6,-38.199000,-68.581000,10,https://www.emsc-csem.org/Earthquake_information/earthquake.php?id=20261007_0000367
2026,10,7,08,16,6.5,2.5,17.970500,-66.938300,10,https://www.emsc-csem.org/Earthquake_information/earthquake.php?id=20261007_0000122
2026,10,7,08,16,5.0,3.7,35.450000,26.580000,10,https://www.emsc-csem.org/Earthquake_information/earthquake.php?id=20261007_0000119
2026,10,7,08,14,214.1,3.2,-24.080000,-67.480000,10,https://www.emsc-csem.org/Earthquake_information/earthquake.php?id=20261007_0000120
2026,10,7,08,01,135.6,2.5,-21.630000,-68.610000,10,https://www.emsc-csem.org/Earthquake_information/earthquake.php?id=20261007_0000116
2026,10,7,07,59,24.0,3.9,13.503000,-90.618000,10,https://www.emsc-csem.org/Earthquake_information/earthquake.php?id=20261007_0000117
2026,10,7,07,47,68.8,2.8,-21.090000,-69.010000,10,https://www.emsc-csem.org/Earthquake_information/earthquake.php?id=20261007_0000113
2026,10,7,07,44,33.0,3.5,12.423000,-86.876000,10,https://www.emsc-csem.org/Earthquake_information/earthquake.php?id=20261007_0000115
2026,10,7,07,43,61.0,4.9,14.794500,-93.051000,10,https://www.emsc-csem.org/Earthquake_information/earthquake.php?id=20261007_0000112
2026,10,7,07,37,132.7,4.4,-6.314000,130.138000,10,https://www.emsc-csem.org/Earthquake_information/earthquake.php?id=20261007_0000169
2026,10,7,07,28,15.0,3.7,-9.700000,118.980000,10,https://www.emsc-csem.org/Earthquake_information/earthquake.php?id=20261007_0000107
2026,10,7,07,27,13.0,3.0,35.390000,26.610000,10,https://www.emsc-csem.org/Earthquake_information/earthquake.php?id=20261007_0000111
2026,10,7,07,05,25.0,2.9,1.190000,126.820000,10,https://www.emsc-csem.org/Earthquake_information/earthquake.php?id=20261007_0000102
2026,10,7,07,03,60.0,3.5,29.700000,130.500000,10,https://www.emsc-csem.org/Earthquake_information/earthquake.php?id=20261007_0000099
2026,10,7,07,00,110.0,2.9,-31.107000,-67.470000,10,https://www.emsc-csem.org/Earthquake_information/earthquake.php?id=20261007_0000100
2026,10,7,06,52,118.9,3.1,-21.600000,-68.600000,10,https://www.emsc-csem.org/Earthquake_information/earthquake.php?id=20261007_0000097
2026,10,7,06,46,10.0,2.8,-8.270000,120.560000,10,https://www.emsc-csem.org/Earthquake_information/earthquake.php?id=20261007_0000098
2026,10,7,06,25,10.0,2.6,32.844000,76.031000,10,https://www.emsc-csem.org/Earthquake_information/earthquake.php?id=20261007_0000118
2026,10,7,06,19,26.2,2.9,-32.620000,-71.810000,10,https://www.emsc-csem.org/Earthquake_information/earthquake.php?id=20261007_0000090
2026,10,7,06,16,53.0,3.8,-14.310000,-75.800000,10,https://ultimosismo.igp.gob.pe/evento/2026-721
2026,10,7,06,16,8.4,4.1,15.621000,-95.835000,10,https://www.emsc-csem.org/Earthquake_information/earthquake.php?id=20261007_0000092
2026,10,7,06,11,5.0,4.0,18.428000,-105.494000,10,https://www.emsc-csem.org/Earthquake_information/earthquake.php?id=20261007_0000093
2026,10,7,06,10,10.4,2.7,38.938000,27.291300,10,https://www.emsc-csem.org/Earthquake_information/earthquake.php?id=20261007_0000087
2026,10,7,06,05,22.0,3.1,24.230000,117.700000,10,https://www.emsc-csem.org/Earthquake_information/earthquake.php?id=20261007_0000088
2026,10,7,06,03,5.0,3.1,54.629000,-155.901000,10,https://www.emsc-csem.org/Earthquake_information/earthquake.php?id=20261007_0000083
2026,10,7,06,01,15.0,3.4,2.530000,126.990000,10,https://www.emsc-csem.org/Earthquake_information/earthquake.php?id=20261007_0000085
2026,10,7,05,44,15.0,3.6,-0.930000,134.100000,10,https://www.emsc-csem.org/Earthquake_information/earthquake.php?id=20261007_0000079
2026,10,7,05,42,10.0,2.7,-25.980000,-66.610000,10,https://www.emsc-csem.org/Earthquake_information/earthquake.php?id=20261007_0000135
2026,10,7,05,36,300.0,3.2,10.638200,-79.144500,10,https://www.emsc-csem.org/Earthquake_information/earthquake.php?id=20261007_0000086
2026,10,7,05,31,33.2,2.6,-30.290000,-71.530000,10,https://www.emsc-csem.org/Earthquake_information/earthquake.php?id=20261007_0000077
2026,10,7,05,28,77.0,3.6,4.160000,127.860000,10,https://www.emsc-csem.org/Earthquake_information/earthquake.php?id=20261007_0000076
2026,10,7,05,01,0.0,2.9,39.770000,74.480000,10,https://www.emsc-csem.org/Earthquake_information/earthquake.php?id=20261007_0000381
2026,10,7,04,56,4.0,2.8,41.080000,73.390000,10,https://www.emsc-csem.org/Earthquake_information/earthquake.php?id=20261007_0000380
2026,10,7,04,54,349.0,3.0,-27.680000,-67.150000,10,https://www.emsc-csem.org/Earthquake_information/earthquake.php?id=20261007_0000073
2026,10,7,04,43,138.8,3.2,-21.180000,-68.810000,10,https://www.emsc-csem.org/Earthquake_information/earthquake.php?id=20261007_0000067
2026,10,7,04,43,11.0,3.3,-12.170000,-75.320000,10,https://ultimosismo.igp.gob.pe/evento/2026-720
2026,10,7,04,39,8.3,3.0,19.386700,-154.859300,10,https://www.emsc-csem.org/Earthquake_information/earthquake.php?id=20261007_0000066
2026,10,7,04,39,10.0,4.9,-55.728000,-30.053000,10,https://www.emsc-csem.org/Earthquake_information/earthquake.php?id=20261007_0000075
2026,10,7,04,28,10.0,3.6,-7.930000,120.870000,10,https://www.emsc-csem.org/Earthquake_information/earthquake.php?id=20261007_0000065
2026,10,7,04,07,24.0,3.8,-8.220000,120.880000,10,https://www.emsc-csem.org/Earthquake_information/earthquake.php?id=20261007_0000058
2026,10,7,03,59,40.0,3.2,8.367300,-82.822800,10,https://www.emsc-csem.org/Earthquake_information/earthquake.php?id=20261007_0000059
2026,10,7,03,57,12.0,3.3,-7.920000,120.930000,10,https://www.emsc-csem.org/Earthquake_information/earthquake.php?id=20261007_0000054
2026,10,7,03,29,89.0,4.5,24.265000,94.656900,10,https://www.emsc-csem.org/Earthquake_information/earthquake.php?id=20261007_0000053
2026,10,7,03,27,10.0,3.7,-7.940000,120.900000,10,https://www.emsc-csem.org/Earthquake_information/earthquake.php?id=20261007_0000052
2026,10,7,03,26,13.7,3.8,37.773200,29.415000,10,https://www.emsc-csem.org/Earthquake_information/earthquake.php?id=20261007_0000051
2026,10,7,03,19,17.0,2.6,8.989400,-84.129300,10,https://www.emsc-csem.org/Earthquake_information/earthquake.php?id=20261007_0000060
2026,10,7,03,09,10.0,3.7,-8.140000,120.520000,10,https://www.emsc-csem.org/Earthquake_information/earthquake.php?id=20261007_0000044
2026,10,7,03,02,8.0,3.4,11.170000,124.090000,10,https://www.emsc-csem.org/Earthquake_information/earthquake.php?id=20261007_0000049
2026,10,7,03,02,7.0,2.5,38.132000,38.417000,10,https://www.emsc-csem.org/Earthquake_information/earthquake.php?id=20261007_0000047
2026,10,7,02,59,7.0,2.9,11.080200,-86.096800,10,https://www.emsc-csem.org/Earthquake_information/earthquake.php?id=20261007_0000045
2026,10,7,02,58,35.6,4.5,13.150300,-89.760700,10,https://www.emsc-csem.org/Earthquake_information/earthquake.php?id=20261007_0000046
2026,10,7,02,56,15.4,4.0,37.771800,29.422800,10,https://www.emsc-csem.org/Earthquake_information/earthquake.php?id=20261007_0000039
2026,10,7,02,53,10.0,3.5,-3.020000,138.820000,10,https://www.emsc-csem.org/Earthquake_information/earthquake.php?id=20261007_0000041
2026,10,7,02,50,10.0,4.8,-20.867600,168.887400,10,https://www.emsc-csem.org/Earthquake_information/earthquake.php?id=20261007_0000043
2026,10,7,02,46,40.0,4.7,52.830000,160.060000,10,https://www.emsc-csem.org/Earthquake_information/earthquake.php?id=20261007_0000062
2026,10,7,02,42,1.9,2.5,19.867700,-155.752800,10,https://www.emsc-csem.org/Earthquake_information/earthquake.php?id=20261007_0000036
2026,10,7,02,41,10.0,4.3,-26.029000,-66.824700,10,https://www.emsc-csem.org/Earthquake_information/earthquake.php?id=20261007_0000148
2026,10,7,02,28,5.0,3.4,-44.421900,168.303400,10,https://www.emsc-csem.org/Earthquake_information/earthquake.php?id=20261007_0000031
2026,10,7,02,25,43.5,2.5,60.543000,-150.615000,10,https://earthquake.usgs.gov/earthquakes/eventpage/aka2026tvmyss
2026,10,7,02,00,5.0,3.6,28.550000,104.660000,10,https://www.emsc-csem.org/Earthquake_information/earthquake.php?id=20261007_0000029
2026,10,7,01,55,38.0,4.8,52.589400,158.783700,10,https://www.emsc-csem.org/Earthquake_information/earthquake.php?id=20261007_0000035
2026,10,7,01,53,5.0,2.8,39.610000,20.640000,10,https://www.emsc-csem.org/Earthquake_information/earthquake.php?id=20261007_0000037
2026,10,7,01,50,10.9,2.5,-43.170000,-74.150000,10,https://www.emsc-csem.org/Earthquake_information/earthquake.php?id=20261007_0000027
2026,10,7,01,39,108.7,4.6,48.185300,153.369900,10,https://www.emsc-csem.org/Earthquake_information/earthquake.php?id=20261007_0000026
2026,10,7,01,37,11.0,2.5,35.400000,26.620000,10,https://www.emsc-csem.org/Earthquake_information/earthquake.php?id=20261007_0000074
2026,10,7,01,37,10.0,3.2,-8.180000,120.480000,10,https://www.emsc-csem.org/Earthquake_information/earthquake.php?id=20261007_0000024
2026,10,7,01,31,29.6,4.2,40.404800,142.940200,10,https://www.emsc-csem.org/Earthquake_information/earthquake.php?id=20261007_0000050
2026,10,7,01,29,10.0,4.4,3.869200,-75.740000,10,https://www.emsc-csem.org/Earthquake_information/earthquake.php?id=20261007_0000034
2026,10,7,01,29,10.0,2.9,-38.564000,-69.186000,10,https://www.emsc-csem.org/Earthquake_information/earthquake.php?id=20261007_0000038
2026,10,7,01,15,7.0,2.7,40.690700,42.311300,10,https://www.emsc-csem.org/Earthquake_information/earthquake.php?id=20261007_0000022
2026,10,7,01,14,14.0,2.7,35.370000,26.620000,10,https://www.emsc-csem.org/Earthquake_information/earthquake.php?id=20261007_0000161
2026,10,7,01,04,10.0,4.5,-22.888700,170.980000,10,https://www.emsc-csem.org/Earthquake_information/earthquake.php?id=20261007_0000370
2026,10,7,01,03,28.5,3.3,-32.740000,-71.730000,10,https://www.emsc-csem.org/Earthquake_information/earthquake.php?id=20261007_0000015
2026,10,7,01,02,2.1,3.4,47.208000,11.482600,10,https://www.emsc-csem.org/Earthquake_information/earthquake.php?id=20261007_0000016
2026,10,7,00,59,5.0,2.8,46.107000,21.490800,10,https://www.emsc-csem.org/Earthquake_information/earthquake.php?id=20261007_0000013
2026,10,7,00,58,5.0,4.0,17.100000,-99.951000,10,https://www.emsc-csem.org/Earthquake_information/earthquake.php?id=20261007_0000021
2026,10,7,00,57,5.0,3.0,27.991000,93.292000,10,https://www.emsc-csem.org/Earthquake_information/earthquake.php?id=20261007_0000019
2026,10,7,00,52,7.0,2.7,35.430000,26.590000,10,https://www.emsc-csem.org/Earthquake_information/earthquake.php?id=20261007_0000014
2026,10,7,00,43,14.0,3.4,15.530000,119.640000,10,https://www.emsc-csem.org/Earthquake_information/earthquake.php?id=20261007_0000012
2026,10,7,00,39,18.0,3.7,4.200000,127.000000,10,https://www.emsc-csem.org/Earthquake_information/earthquake.php?id=20261007_0000011
2026,10,7,00,30,68.2,4.8,52.975800,159.427800,10,https://www.emsc-csem.org/Earthquake_information/earthquake.php?id=20261007_0000009
2026,10,7,00,28,1.0,2.7,35.430000,26.590000,10,https://www.emsc-csem.org/Earthquake_information/earthquake.php?id=20261007_0000144
2026,10,7,00,25,1.0,2.6,35.430000,26.590000,10,https://www.emsc-csem.org/Earthquake_information/earthquake.php?id=20261007_0000140
2026,10,7,00,24,88.2,2.7,18.254700,-67.201200,10,https://www.emsc-csem.org/Earthquake_information/earthquake.php?id=20261007_0000005
2026,10,7,00,22,60.0,4.5,36.968100,141.156300,10,https://www.emsc-csem.org/Earthquake_information/earthquake.php?id=20261007_0000006
2026,10,7,00,21,19.0,3.0,13.143000,-89.867000,10,https://www.emsc-csem.org/Earthquake_information/earthquake.php?id=20261007_0000004
2026,10,7,00,18,5.0,3.2,35.440000,26.590000,10,https://www.emsc-csem.org/Earthquake_information/earthquake.php?id=20261007_0000010
2026,10,7,00,17,10.0,2.9,63.514000,-23.899000,10,https://www.emsc-csem.org/Earthquake_information/earthquake.php?id=20261007_0000007
2026,10,7,00,14,28.0,3.6,13.176000,-89.824000,10,https://www.emsc-csem.org/Earthquake_information/earthquake.php?id=20261007_0000002
2026,10,7,00,06,112.0,2.5,-31.284000,-68.807000,10,https://www.emsc-csem.org/Earthquake_information/earthquake.php?id=20261007_0000141
2026,10,7,00,02,7.0,2.5,35.420000,26.590000,10,https://www.emsc-csem.org/Earthquake_information/earthquake.php?id=20261007_0000082
2026,10,6,23,50,6.0,4.2,35.430000,26.600000,10,https://www.emsc-csem.org/Earthquake_information/earthquake.php?id=20261006_0000324
2026,10,6,23,43,4.0,3.9,35.440000,26.590000,10,https://www.emsc-csem.org/Earthquake_information/earthquake.php?id=20261006_0000322
2026,10,6,23,18,10.0,2.9,-8.240000,119.800000,10,https://www.emsc-csem.org/Earthquake_information/earthquake.php?id=20261006_0000316
2026,10,6,23,17,175.0,4.3,-1.370000,101.550000,10,https://www.emsc-csem.org/Earthquake_information/earthquake.php?id=20261006_0000315
2026,10,6,23,17,26.0,3.0,9.400200,-78.392100,10,https://www.emsc-csem.org/Earthquake_information/earthquake.php?id=20261006_0000355
2026,10,6,23,09,242.3,2.9,-23.720000,-67.330000,10,https://www.emsc-csem.org/Earthquake_information/earthquake.php?id=20261006_0000311
2026,10,6,22,58,5.9,4.0,16.378000,-99.372000,10,https://www.emsc-csem.org/Earthquake_information/earthquake.php?id=20261006_0000313
2026,10,6,22,53,14.0,2.7,-7.720000,120.300000,10,https://www.emsc-csem.org/Earthquake_information/earthquake.php?id=20261006_0000305
2026,10,6,22,48,10.0,2.8,-8.150000,120.550000,10,https://www.emsc-csem.org/Earthquake_information/earthquake.php?id=20261006_0000304
2026,10,6,22,43,6.4,3.4,30.777000,-114.523000,10,https://www.emsc-csem.org/Earthquake_information/earthquake.php?id=20261006_0000329
2026,10,6,22,33,40.4,2.5,55.764000,-156.013000,10,https://earthquake.usgs.gov/earthquakes/eventpage/aka2026tvffdw
2026,10,6,22,30,16.7,3.0,19.923300,-155.398800,10,https://www.emsc-csem.org/Earthquake_information/earthquake.php?id=20261006_0000299
2026,10,6,22,12,71.2,4.7,-29.872100,-177.618800,10,https://www.emsc-csem.org/Earthquake_information/earthquake.php?id=20261006_0000342
2026,10,6,22,12,8.0,2.8,10.040800,-83.952000,10,https://www.emsc-csem.org/Earthquake_information/earthquake.php?id=20261006_0000302
2026,10,6,22,08,13.1,3.0,-40.298800,176.704000,10,https://www.emsc-csem.org/Earthquake_information/earthquake.php?id=20261006_0000295
2026,10,6,22,03,48.7,3.4,14.812000,-93.326000,10,https://www.emsc-csem.org/Earthquake_information/earthquake.php?id=20261006_0000330
2026,10,6,22,03,13.2,3.2,-40.289000,176.708600,10,https://www.emsc-csem.org/Earthquake_information/earthquake.php?id=20261006_0000291
2026,10,6,22,00,3.0,3.5,21.882000,-99.561000,10,https://www.emsc-csem.org/Earthquake_information/earthquake.php?id=20261006_0000331
2026,10,6,21,59,6.6,3.3,19.208000,-104.058000,10,https://www.emsc-csem.org/Earthquake_information/earthquake.php?id=20261006_0000332
2026,10,6,21,59,33.1,2.5,19.960700,-155.399200,10,https://www.emsc-csem.org/Earthquake_information/earthquake.php?id=20261006_0000325
2026,10,6,21,56,59.0,4.9,-3.842800,139.421700,10,https://www.emsc-csem.org/Earthquake_information/earthquake.php?id=20261006_0000294
2026,10,6,21,51,23.9,3.1,19.406000,-103.903000,10,https://www.emsc-csem.org/Earthquake_information/earthquake.php?id=20261006_0000333
2026,10,6,21,36,124.7,3.7,16.883000,-94.460000,10,https://www.emsc-csem.org/Earthquake_information/earthquake.php?id=20261006_0000334
2026,10,6,21,33,24.0,2.8,-9.760000,119.130000,10,https://www.emsc-csem.org/Earthquake_information/earthquake.php?id=20261006_0000286
2026,10,6,21,32,10.0,3.2,9.447800,-82.702800,10,https://www.emsc-csem.org/Earthquake_information/earthquake.php?id=20261006_0000296
2026,10,6,21,16,7.0,2.7,35.370000,26.620000,10,https://www.emsc-csem.org/Earthquake_information/earthquake.php?id=20261006_0000287
2026,10,6,21,12,146.9,3.8,17.271000,-94.444000,10,https://www.emsc-csem.org/Earthquake_information/earthquake.php?id=20261006_0000335
2026,10,6,21,09,20.2,2.6,19.946900,-155.384000,10,https://www.emsc-csem.org/Earthquake_information/earthquake.php?id=20261006_0000326
2026,10,6,20,56,10.0,3.9,30.532000,-114.148000,10,https://www.emsc-csem.org/Earthquake_information/earthquake.php?id=20261006_0000336
2026,10,6,20,54,57.2,3.0,19.328000,-104.695000,10,https://www.emsc-csem.org/Earthquake_information/earthquake.php?id=20261006_0000337
2026,10,6,20,52,5.0,3.0,27.208000,92.452000,10,https://www.emsc-csem.org/Earthquake_information/earthquake.php?id=20261006_0000283
2026,10,6,20,42,126.5,3.4,16.999000,-94.659000,10,https://www.emsc-csem.org/Earthquake_information/earthquake.php?id=20261006_0000338
2026,10,6,20,36,5.0,3.0,56.175000,-150.368000,10,https://www.emsc-csem.org/Earthquake_information/earthquake.php?id=20261006_0000314
2026,10,6,20,34,32.8,3.5,54.711000,-156.832000,10,https://www.emsc-csem.org/Earthquake_information/earthquake.php?id=20261006_0000277
2026,10,6,20,32,22.7,3.4,51.826000,-170.353000,10,https://www.emsc-csem.org/Earthquake_information/earthquake.php?id=20261006_0000310
2026,10,6,20,28,5.0,2.5,38.022800,37.385700,10,https://www.emsc-csem.org/Earthquake_information/earthquake.php?id=20261006_0000278
2026,10,6,20,28,115.0,3.8,-31.840000,-69.070000,10,https://www.emsc-csem.org/Earthquake_information/earthquake.php?id=20261006_0000275
2026,10,6,20,16,3.6,3.2,38.900300,-115.280700,10,https://www.emsc-csem.org/Earthquake_information/earthquake.php?id=20261006_0000274
2026,10,6,20,15,145.0,4.6,-8.639200,116.171400,10,https://www.emsc-csem.org/Earthquake_information/earthquake.php?id=20261006_0000276
2026,10,6,20,12,10.0,2.9,-8.280000,121.230000,10,https://www.emsc-csem.org/Earthquake_information/earthquake.php?id=20261006_0000273
2026,10,6,20,12,8.0,3.4,12.791000,-81.414000,10,https://www.emsc-csem.org/Earthquake_information/earthquake.php?id=20261006_0000281
2026,10,6,20,04,12.0,4.0,12.841000,-81.526000,10,https://www.emsc-csem.org/Earthquake_information/earthquake.php?id=20261006_0000269
2026,10,6,20,04,5.0,2.8,37.164000,-24.619000,10,https://www.emsc-csem.org/Earthquake_information/earthquake.php?id=20261006_0000267
2026,10,6,19,59,545.0,4.3,3.518100,122.689800,10,https://www.emsc-csem.org/Earthquake_information/earthquake.php?id=20261006_0000266
2026,10,6,19,52,139.1,3.3,16.625000,-93.715000,10,https://www.emsc-csem.org/Earthquake_information/earthquake.php?id=20261006_0000339
2026,10,6,19,45,56.0,2.7,8.798300,-83.077700,10,https://www.emsc-csem.org/Earthquake_information/earthquake.php?id=20261006_0000354
2026,10,6,19,41,10.0,2.8,-8.210000,119.820000,10,https://www.emsc-csem.org/Earthquake_information/earthquake.php?id=20261006_0000263
2026,10,6,19,34,10.0,3.7,30.656000,-114.084000,10,https://www.emsc-csem.org/Earthquake_information/earthquake.php?id=20261006_0000340
2026,10,6,19,08,10.0,4.2,64.975900,-133.719900,10,https://www.emsc-csem.org/Earthquake_information/earthquake.php?id=20261006_0000284
2026,10,6,19,01,67.0,4.5,-3.677700,102.013000,10,https://www.emsc-csem.org/Earthquake_information/earthquake.php?id=20261006_0000282
2026,10,6,18,53,73.7,2.5,52.958000,-168.257000,10,https://earthquake.usgs.gov/earthquakes/eventpage/aka2026tuxwsq
2026,10,6,18,34,85.4,5.5,58.790700,-153.668900,10,https://www.emsc-csem.org/Earthquake_information/earthquake.php?id=20261006_0000254
2026,10,6,18,24,75.7,2.7,-23.530000,-69.410000,10,https://www.emsc-csem.org/Earthquake_information/earthquake.php?id=20261006_0000251
2026,10,6,18,17,27.8,2.5,51.062000,-177.948000,10,https://earthquake.usgs.gov/earthquakes/eventpage/aka2026tuwrij
2026,10,6,18,15,10.0,4.9,42.137700,88.134600,10,https://www.emsc-csem.org/Earthquake_information/earthquake.php?id=20261006_0000250
2026,10,6,17,56,20.8,2.6,51.046000,-177.950000,10,https://earthquake.usgs.gov/earthquakes/eventpage/aka2026tuvzkw
2026,10,6,17,55,197.0,3.7,-21.960000,-67.570000,10,https://www.emsc-csem.org/Earthquake_information/earthquake.php?id=20261006_0000244
2026,10,6,17,47,63.0,4.8,44.037700,147.624200,10,https://www.emsc-csem.org/Earthquake_information/earthquake.php?id=20261006_0000246
2026,10,6,17,43,6.9,2.8,38.916600,-115.300700,10,https://www.emsc-csem.org/Earthquake_information/earthquake.php?id=20261006_0000238
2026,10,6,17,38,107.3,2.5,-20.730000,-69.020000,10,https://www.emsc-csem.org/Earthquake_information/earthquake.php?id=20261006_0000237
2026,10,6,17,36,5.0,2.5,38.280000,22.070000,10,https://www.emsc-csem.org/Earthquake_information/earthquake.php?id=20261006_0000240
2026,10,6,17,32,35.0,4.2,48.312800,155.103300,10,https://www.emsc-csem.org/Earthquake_information/earthquake.php?id=20261006_0000268
2026,10,6,17,29,26.5,2.5,56.081000,-157.524000,10,https://earthquake.usgs.gov/earthquakes/eventpage/aka2026tuvccy
2026,10,6,16,55,10.0,3.7,12.634000,-61.141000,10,https://www.emsc-csem.org/Earthquake_information/earthquake.php?id=20261006_0000256
2026,10,6,16,53,10.0,5.1,30.129700,79.510700,10,https://www.emsc-csem.org/Earthquake_information/earthquake.php?id=20261006_0000229
2026,10,6,16,49,5.0,2.6,27.120000,89.105000,10,https://www.emsc-csem.org/Earthquake_information/earthquake.php?id=20261006_0000232
2026,10,6,16,48,30.0,5.8,48.413000,154.844700,10,https://www.emsc-csem.org/Earthquake_information/earthquake.php?id=20261006_0000225
2026,10,6,16,38,63.8,2.6,-22.120000,-68.760000,10,https://www.emsc-csem.org/Earthquake_information/earthquake.php?id=20261006_0000221
2026,10,6,16,37,21.4,2.6,51.293000,-177.481000,10,https://earthquake.usgs.gov/earthquakes/eventpage/aka2026tutjir
2026,10,6,16,10,8.0,3.5,8.706800,-83.258300,10,https://www.emsc-csem.org/Earthquake_information/earthquake.php?id=20261006_0000214
2026,10,6,16,10,98.5,2.8,37.297200,30.987200,10,https://www.emsc-csem.org/Earthquake_information/earthquake.php?id=20261006_0000215
2026,10,6,16,07,1.2,2.6,54.315000,-161.478000,10,https://earthquake.usgs.gov/earthquakes/eventpage/aka2026tusjhx
2026,10,6,16,07,9.0,3.0,5.690000,125.360000,10,https://www.emsc-csem.org/Earthquake_information/earthquake.php?id=20261006_0000217
2026,10,6,16,03,15.0,3.6,10.866000,-86.794000,10,https://www.emsc-csem.org/Earthquake_information/earthquake.php?id=20261006_0000211
2026,10,6,15,57,526.0,4.1,-22.138400,-63.669500,10,https://www.emsc-csem.org/Earthquake_information/earthquake.php?id=20261006_0000243
2026,10,6,15,42,113.0,3.1,18.408800,-66.044700,10,https://www.emsc-csem.org/Earthquake_information/earthquake.php?id=20261006_0000224
2026,10,6,15,34,5.0,3.5,39.000800,-115.322400,10,https://www.emsc-csem.org/Earthquake_information/earthquake.php?id=20261006_0000208
2026,10,6,15,25,149.6,2.6,-21.410000,-68.610000,10,https://www.emsc-csem.org/Earthquake_information/earthquake.php?id=20261006_0000207
2026,10,6,15,23,10.0,2.8,-8.140000,120.430000,10,https://www.emsc-csem.org/Earthquake_information/earthquake.php?id=20261006_0000206
2026,10,6,15,12,10.0,4.7,-6.704700,72.300400,10,https://www.emsc-csem.org/Earthquake_information/earthquake.php?id=20261006_0000213
2026,10,6,15,08,107.0,3.6,-22.270000,-68.670000,10,https://www.emsc-csem.org/Earthquake_information/earthquake.php?id=20261006_0000202
2026,10,6,15,07,30.0,2.9,71.782900,-133.122600,10,https://www.emsc-csem.org/Earthquake_information/earthquake.php?id=20261006_0000260
2026,10,6,15,01,10.0,3.0,-7.090000,120.810000,10,https://www.emsc-csem.org/Earthquake_information/earthquake.php?id=20261006_0000204
2026,10,6,14,56,9.1,2.7,-20.680000,-70.810000,10,https://www.emsc-csem.org/Earthquake_information/earthquake.php?id=20261006_0000200
2026,10,6,14,54,54.4,2.6,56.236000,-156.316000,10,https://earthquake.usgs.gov/earthquakes/eventpage/aka2026tupxjo
2026,10,6,14,50,7.0,2.7,37.808800,36.194300,10,https://www.emsc-csem.org/Earthquake_information/earthquake.php?id=20261006_0000198
2026,10,6,14,46,179.0,3.6,0.120000,123.870000,10,https://www.emsc-csem.org/Earthquake_information/earthquake.php?id=20261006_0000197
2026,10,6,14,41,12.0,2.6,34.830000,25.030000,10,https://www.emsc-csem.org/Earthquake_information/earthquake.php?id=20261006_0000216
2026,10,6,14,33,10.0,2.9,-26.416000,27.485000,10,https://www.emsc-csem.org/Earthquake_information/earthquake.php?id=20261006_0000179
2026,10,6,14,22,64.5,3.8,50.802000,-172.928000,10,https://www.emsc-csem.org/Earthquake_information/earthquake.php?id=20261006_0000242
2026,10,6,14,15,41.0,3.2,35.561500,22.308800,10,https://www.emsc-csem.org/Earthquake_information/earthquake.php?id=20261006_0000194
2026,10,6,14,04,19.0,2.5,10.242100,-85.594100,10,https://www.emsc-csem.org/Earthquake_information/earthquake.php?id=20261006_0000205
2026,10,6,14,03,31.0,3.9,13.423000,-90.285000,10,https://www.emsc-csem.org/Earthquake_information/earthquake.php?id=20261006_0000172
2026,10,6,14,01,35.0,3.9,0.770000,98.790000,10,https://www.emsc-csem.org/Earthquake_information/earthquake.php?id=20261006_0000171
2026,10,6,13,54,117.4,2.7,-21.260000,-68.940000,10,https://www.emsc-csem.org/Earthquake_information/earthquake.php?id=20261006_0000170
2026,10,6,13,53,18.0,3.7,-6.830000,105.340000,10,https://www.emsc-csem.org/Earthquake_information/earthquake.php?id=20261006_0000166
2026,10,6,13,50,10.0,3.0,-2.040000,120.550000,10,https://www.emsc-csem.org/Earthquake_information/earthquake.php?id=20261006_0000167
2026,10,6,13,42,21.0,3.4,-8.820000,112.100000,10,https://www.emsc-csem.org/Earthquake_information/earthquake.php?id=20261006_0000165
2026,10,6,13,34,10.0,3.1,-8.270000,120.580000,10,https://www.emsc-csem.org/Earthquake_information/earthquake.php?id=20261006_0000162
2026,10,6,13,29,16.0,2.5,-8.300000,120.310000,10,https://www.emsc-csem.org/Earthquake_information/earthquake.php?id=20261006_0000159
2026,10,6,13,26,537.9,4.5,-30.883500,178.889600,10,https://www.emsc-csem.org/Earthquake_information/earthquake.php?id=20261006_0000158
2026,10,6,13,15,12.0,2.7,-8.180000,120.720000,10,https://www.emsc-csem.org/Earthquake_information/earthquake.php?id=20261006_0000157
2026,10,6,13,11,10.0,5.0,4.893300,118.795500,10,https://www.emsc-csem.org/Earthquake_information/earthquake.php?id=20261006_0000155
2026,10,6,13,08,15.0,3.5,-1.840000,100.020000,10,https://www.emsc-csem.org/Earthquake_information/earthquake.php?id=20261006_0000154
2026,10,6,13,04,91.5,3.6,-22.280000,-68.920000,10,https://www.emsc-csem.org/Earthquake_information/earthquake.php?id=20261006_0000152
2026,10,6,12,40,10.0,4.2,-9.510000,118.910000,10,https://www.emsc-csem.org/Earthquake_information/earthquake.php?id=20261006_0000150
2026,10,6,12,25,7.0,2.7,29.232000,-97.559000,10,https://www.emsc-csem.org/Earthquake_information/earthquake.php?id=20261006_0000245
2026,10,6,12,16,5.0,3.2,27.175000,92.451000,10,https://www.emsc-csem.org/Earthquake_information/earthquake.php?id=20261006_0000148
2026,10,6,12,10,12.0,3.8,-8.140000,120.530000,10,https://www.emsc-csem.org/Earthquake_information/earthquake.php?id=20261006_0000144
2026,10,6,11,57,18.0,3.0,13.480000,119.950000,10,https://www.emsc-csem.org/Earthquake_information/earthquake.php?id=20261006_0000145
2026,10,6,11,56,12.1,2.8,50.983000,-179.192000,10,https://earthquake.usgs.gov/earthquakes/eventpage/aka2026tujpyx
2026,10,6,11,53,88.1,3.2,52.010000,-171.010000,10,https://www.emsc-csem.org/Earthquake_information/earthquake.php?id=20261006_0000358
2026,10,6,11,36,11.0,4.2,-9.750000,118.920000,10,https://www.emsc-csem.org/Earthquake_information/earthquake.php?id=20261006_0000138
2026,10,6,11,31,10.0,2.6,40.110000,75.060000,10,https://www.emsc-csem.org/Earthquake_information/earthquake.php?id=20261006_0000362
2026,10,6,11,30,83.6,2.7,-28.900000,-70.640000,10,https://www.emsc-csem.org/Earthquake_information/earthquake.php?id=20261006_0000137
2026,10,6,11,12,10.0,3.1,-9.810000,118.930000,10,https://www.emsc-csem.org/Earthquake_information/earthquake.php?id=20261006_0000136
2026,10,6,11,09,18.5,2.6,51.124000,-176.217000,10,https://earthquake.usgs.gov/earthquakes/eventpage/aka2026tuikby
2026,10,6,11,09,255.1,3.4,-23.820000,-67.180000,10,https://www.emsc-csem.org/Earthquake_information/earthquake.php?id=20261006_0000135
2026,10,6,10,58,130.0,3.4,17.537000,-94.711000,10,https://www.emsc-csem.org/Earthquake_information/earthquake.php?id=20261006_0000180
2026,10,6,10,53,40.0,3.4,35.400000,139.300000,10,https://www.emsc-csem.org/Earthquake_information/earthquake.php?id=20261006_0000128
2026,10,6,10,51,3.2,3.3,16.392000,-98.119000,10,https://www.emsc-csem.org/Earthquake_information/earthquake.php?id=20261006_0000181
2026,10,6,10,46,67.0,2.7,40.390000,69.780000,10,https://www.emsc-csem.org/Earthquake_information/earthquake.php?id=20261006_0000361
2026,10,6,10,42,40.0,4.4,50.260000,157.280000,10,https://www.emsc-csem.org/Earthquake_information/earthquake.php?id=20261006_0000142
2026,10,6,10,34,90.0,2.6,-31.120000,-68.530000,10,https://www.emsc-csem.org/Earthquake_information/earthquake.php?id=20261006_0000123
2026,10,6,10,32,347.3,2.8,38.995200,14.862800,10,https://www.emsc-csem.org/Earthquake_information/earthquake.php?id=20261006_0000129
2026,10,6,10,23,14.3,3.5,30.952000,-116.397000,10,https://www.emsc-csem.org/Earthquake_information/earthquake.php?id=20261006_0000182
2026,10,6,10,13,10.0,4.0,14.274000,-93.008000,10,https://www.emsc-csem.org/Earthquake_information/earthquake.php?id=20261006_0000183
2026,10,6,10,07,13.3,3.4,-35.650000,-73.160000,10,https://www.emsc-csem.org/Earthquake_information/earthquake.php?id=20261006_0000114
2026,10,6,10,06,119.2,2.7,-24.130000,-69.050000,10,https://www.emsc-csem.org/Earthquake_information/earthquake.php?id=20261006_0000116
2026,10,6,10,02,11.4,3.6,15.442000,-98.319000,10,https://www.emsc-csem.org/Earthquake_information/earthquake.php?id=20261006_0000184
2026,10,6,10,02,85.0,2.7,-31.350000,-68.550000,10,https://www.emsc-csem.org/Earthquake_information/earthquake.php?id=20261006_0000113
2026,10,6,09,57,2.3,2.7,54.525000,-160.299000,10,https://earthquake.usgs.gov/earthquakes/eventpage/aka2026tugact
2026,10,6,09,52,10.0,3.8,14.239000,-93.209000,10,https://www.emsc-csem.org/Earthquake_information/earthquake.php?id=20261006_0000185
2026,10,6,09,47,56.8,3.2,17.921000,-101.124000,10,https://www.emsc-csem.org/Earthquake_information/earthquake.php?id=20261006_0000186
2026,10,6,09,38,29.2,2.5,-28.400000,-69.340000,10,https://www.emsc-csem.org/Earthquake_information/earthquake.php?id=20261006_0000108
2026,10,6,09,37,4.8,3.1,35.677200,-118.414800,10,https://www.emsc-csem.org/Earthquake_information/earthquake.php?id=20261006_0000106
2026,10,6,09,30,75.7,3.8,14.719000,-92.560000,10,https://www.emsc-csem.org/Earthquake_information/earthquake.php?id=20261006_0000187
2026,10,6,09,21,41.3,2.9,-20.360000,-70.490000,10,https://www.emsc-csem.org/Earthquake_information/earthquake.php?id=20261006_0000102
2026,10,6,09,12,65.8,3.2,18.229000,-100.746000,10,https://www.emsc-csem.org/Earthquake_information/earthquake.php?id=20261006_0000188
2026,10,6,09,03,10.0,3.7,29.831000,92.496000,10,https://www.emsc-csem.org/Earthquake_information/earthquake.php?id=20261006_0000101
2026,10,6,08,58,14.8,3.9,14.059000,-93.057000,10,https://www.emsc-csem.org/Earthquake_information/earthquake.php?id=20261006_0000189
2026,10,6,08,45,20.6,4.9,-4.477300,152.751900,10,https://www.emsc-csem.org/Earthquake_information/earthquake.php?id=20261006_0000100
2026,10,6,08,45,87.2,3.3,15.790000,-93.901000,10,https://www.emsc-csem.org/Earthquake_information/earthquake.php?id=20261006_0000190
2026,10,6,08,41,32.0,4.5,22.248300,120.226700,10,https://www.emsc-csem.org/Earthquake_information/earthquake.php?id=20261006_0000099
2026,10,6,08,40,5.0,2.5,34.291600,-116.862700,10,https://www.emsc-csem.org/Earthquake_information/earthquake.php?id=20261006_0000094
2026,10,6,08,37,93.3,3.5,-21.880000,-68.770000,10,https://www.emsc-csem.org/Earthquake_information/earthquake.php?id=20261006_0000093
2026,10,6,08,36,26.0,2.8,13.220000,-89.961000,10,https://www.emsc-csem.org/Earthquake_information/earthquake.php?id=20261006_0000095
2026,10,6,08,34,11.0,3.2,15.263100,41.894600,10,https://www.emsc-csem.org/Earthquake_information/earthquake.php?id=20261006_0000110
2026,10,6,08,31,219.3,3.4,-23.950000,-67.220000,10,https://www.emsc-csem.org/Earthquake_information/earthquake.php?id=20261006_0000090
2026,10,6,08,31,10.0,3.2,39.040000,102.570000,10,https://www.emsc-csem.org/Earthquake_information/earthquake.php?id=20261006_0000096
2026,10,6,08,27,3.0,2.9,11.692000,-87.631000,10,https://www.emsc-csem.org/Earthquake_information/earthquake.php?id=20261006_0000091
2026,10,6,08,18,28.3,2.9,-30.370000,-72.120000,10,https://www.emsc-csem.org/Earthquake_information/earthquake.php?id=20261006_0000089
2026,10,6,07,50,239.8,3.3,-23.850000,-67.160000,10,https://www.emsc-csem.org/Earthquake_information/earthquake.php?id=20261006_0000088
2026,10,6,07,45,192.5,2.8,-20.840000,-68.160000,10,https://www.emsc-csem.org/Earthquake_information/earthquake.php?id=20261006_0000109
2026,10,6,07,35,10.0,4.0,15.520000,-95.605000,10,https://www.emsc-csem.org/Earthquake_information/earthquake.php?id=20261006_0000087
2026,10,6,07,34,10.0,3.2,-10.170000,124.280000,10,https://www.emsc-csem.org/Earthquake_information/earthquake.php?id=20261006_0000086
2026,10,6,07,27,122.5,3.3,-21.130000,-68.990000,10,https://www.emsc-csem.org/Earthquake_information/earthquake.php?id=20261006_0000085
2026,10,6,07,15,10.0,2.9,-10.160000,124.450000,10,https://www.emsc-csem.org/Earthquake_information/earthquake.php?id=20261006_0000084
2026,10,6,07,11,25.0,2.6,-8.260000,118.230000,10,https://www.emsc-csem.org/Earthquake_information/earthquake.php?id=20261006_0000081
2026,10,6,07,06,10.0,2.6,51.485400,-130.858900,10,https://www.emsc-csem.org/Earthquake_information/earthquake.php?id=20261006_0000356
2026,10,6,06,54,191.7,4.5,-19.993400,-67.430900,10,https://www.emsc-csem.org/Earthquake_information/earthquake.php?id=20261006_0000082
2026,10,6,06,52,170.3,4.1,16.936000,-93.865000,10,https://www.emsc-csem.org/Earthquake_information/earthquake.php?id=20261006_0000080
2026,10,6,06,42,110.0,3.1,-31.310000,-68.980000,10,https://www.emsc-csem.org/Earthquake_information/earthquake.php?id=20261006_0000074
2026,10,6,06,38,5.0,2.5,14.353000,-90.121000,10,https://www.emsc-csem.org/Earthquake_information/earthquake.php?id=20261006_0000073
2026,10,6,06,25,37.6,2.5,55.541000,-158.771000,10,https://earthquake.usgs.gov/earthquakes/eventpage/aka2026ttyyki
2026,10,6,06,25,209.4,2.9,-24.040000,-67.030000,10,https://www.emsc-csem.org/Earthquake_information/earthquake.php?id=20261006_0000072
2026,10,6,06,19,86.1,3.0,-35.530000,-71.330000,10,https://www.emsc-csem.org/Earthquake_information/earthquake.php?id=20261006_0000070
2026,10,6,06,16,123.0,4.7,-21.173100,-68.572700,10,https://www.emsc-csem.org/Earthquake_information/earthquake.php?id=20261006_0000071
2026,10,6,06,04,5.0,3.1,63.838000,-147.664000,10,https://www.emsc-csem.org/Earthquake_information/earthquake.php?id=20261006_0000068
2026,10,6,06,02,132.0,2.7,-28.260000,-67.470000,10,https://www.emsc-csem.org/Earthquake_information/earthquake.php?id=20261006_0000069
2026,10,6,05,46,10.0,2.5,-38.325800,145.884700,10,https://www.emsc-csem.org/Earthquake_information/earthquake.php?id=20261006_0000067
2026,10,6,05,37,139.1,2.6,-21.180000,-68.850000,10,https://www.emsc-csem.org/Earthquake_information/earthquake.php?id=20261006_0000062
2026,10,6,05,30,5.0,2.8,-31.130000,122.828600,10,https://www.emsc-csem.org/Earthquake_information/earthquake.php?id=20261006_0000064
2026,10,6,05,12,95.0,3.4,38.780000,73.250000,10,https://www.emsc-csem.org/Earthquake_information/earthquake.php?id=20261006_0000360
2026,10,6,05,12,28.0,3.3,18.730000,120.770000,10,https://www.emsc-csem.org/Earthquake_information/earthquake.php?id=20261006_0000059
2026,10,6,04,49,216.1,3.4,-24.060000,-67.010000,10,https://www.emsc-csem.org/Earthquake_information/earthquake.php?id=20261006_0000052
2026,10,6,04,40,10.0,4.9,6.753000,144.406200,10,https://www.emsc-csem.org/Earthquake_information/earthquake.php?id=20261006_0000053
2026,10,6,04,34,10.0,2.6,-8.240000,120.250000,10,https://www.emsc-csem.org/Earthquake_information/earthquake.php?id=20261006_0000050
2026,10,6,04,29,10.0,3.3,18.725200,-156.829300,10,https://www.emsc-csem.org/Earthquake_information/earthquake.php?id=20261006_0000049
2026,10,6,04,28,10.0,4.6,29.020000,142.845000,10,https://www.emsc-csem.org/Earthquake_information/earthquake.php?id=20261006_0000051
2026,10,6,04,28,26.5,2.7,-30.700000,-71.620000,10,https://www.emsc-csem.org/Earthquake_information/earthquake.php?id=20261006_0000048
2026,10,6,04,01,65.4,3.4,61.572000,-149.878600,10,https://www.emsc-csem.org/Earthquake_information/earthquake.php?id=20261006_0000043
2026,10,6,03,58,10.0,2.7,69.623400,-145.195300,10,https://www.emsc-csem.org/Earthquake_information/earthquake.php?id=20261006_0000046
2026,10,6,03,42,10.0,4.8,-7.788800,120.425800,10,https://www.emsc-csem.org/Earthquake_information/earthquake.php?id=20261006_0000042
2026,10,6,03,32,32.3,2.8,-32.510000,-71.640000,10,https://www.emsc-csem.org/Earthquake_information/earthquake.php?id=20261006_0000038
2026,10,6,03,27,32.3,2.5,-32.520000,-71.640000,10,https://www.emsc-csem.org/Earthquake_information/earthquake.php?id=20261006_0000037
2026,10,6,03,18,16.0,3.2,8.215200,-82.048700,10,https://www.emsc-csem.org/Earthquake_information/earthquake.php?id=20261006_0000168
2026,10,6,02,59,10.0,2.8,-8.230000,120.590000,10,https://www.emsc-csem.org/Earthquake_information/earthquake.php?id=20261006_0000034
2026,10,6,02,41,97.0,2.9,-19.930000,-69.300000,10,https://www.emsc-csem.org/Earthquake_information/earthquake.php?id=20261006_0000031
2026,10,6,02,39,46.7,3.4,-34.730000,-71.790000,10,https://www.emsc-csem.org/Earthquake_information/earthquake.php?id=20261006_0000030
2026,10,6,02,22,110.8,2.5,-21.050000,-68.930000,10,https://www.emsc-csem.org/Earthquake_information/earthquake.php?id=20261006_0000028
2026,10,6,02,12,6.0,2.5,-34.806000,-69.887000,10,https://www.emsc-csem.org/Earthquake_information/earthquake.php?id=20261006_0000218
2026,10,6,02,03,150.1,2.6,-21.180000,-68.750000,10,https://www.emsc-csem.org/Earthquake_information/earthquake.php?id=20261006_0000022
2026,10,6,01,53,10.0,2.6,-8.270000,120.710000,10,https://www.emsc-csem.org/Earthquake_information/earthquake.php?id=20261006_0000018
2026,10,6,01,48,70.0,4.3,41.931700,142.345000,10,https://www.emsc-csem.org/Earthquake_information/earthquake.php?id=20261006_0000016
2026,10,6,01,40,11.7,2.7,36.660000,25.718500,10,https://www.emsc-csem.org/Earthquake_information/earthquake.php?id=20261006_0000015
2026,10,6,01,36,131.6,2.7,-21.480000,-68.760000,10,https://www.emsc-csem.org/Earthquake_information/earthquake.php?id=20261006_0000023
2026,10,6,01,26,0.0,2.5,43.050100,-0.352300,10,https://www.emsc-csem.org/Earthquake_information/earthquake.php?id=20261006_0000013
2026,10,6,01,20,24.0,2.7,13.329000,-90.163000,10,https://www.emsc-csem.org/Earthquake_information/earthquake.php?id=20261006_0000014
2026,10,6,01,02,28.9,2.9,53.564000,-165.008000,10,https://earthquake.usgs.gov/earthquakes/eventpage/aka2026ttoemp
2026,10,6,00,57,38.2,3.3,53.614000,-164.996000,10,https://www.emsc-csem.org/Earthquake_information/earthquake.php?id=20261006_0000357
2026,10,6,00,41,104.7,4.4,-19.849600,-69.180400,10,https://www.emsc-csem.org/Earthquake_information/earthquake.php?id=20261006_0000007
2026,10,6,00,36,22.0,3.4,38.065800,20.217200,10,https://www.emsc-csem.org/Earthquake_information/earthquake.php?id=20261006_0000006
2026,10,6,00,13,8.0,3.1,2.830000,125.620000,10,https://www.emsc-csem.org/Earthquake_information/earthquake.php?id=20261006_0000004
2026,10,6,00,02,16.6,3.2,19.345000,-72.873000,10,https://www.emsc-csem.org/Earthquake_information/earthquake.php?id=20261006_0000001
2026,10,5,23,46,40.0,4.0,48.670000,156.060000,10,https://www.emsc-csem.org/Earthquake_information/earthquake.php?id=20261005_0000417
2026,10,5,23,33,114.0,2.7,-30.794000,-68.894000,10,https://www.emsc-csem.org/Earthquake_information/earthquake.php?id=20261005_0000392
2026,10,5,23,29,16.0,3.5,-7.960000,120.890000,10,https://www.emsc-csem.org/Earthquake_information/earthquake.php?id=20261005_0000386
2026,10,5,23,26,27.5,3.3,19.313000,-72.882000,10,https://www.emsc-csem.org/Earthquake_information/earthquake.php?id=20261005_0000388
2026,10,5,23,22,86.0,2.6,12.074000,-86.749000,10,https://www.emsc-csem.org/Earthquake_information/earthquake.php?id=20261005_0000384
2026,10,5,23,12,100.0,3.3,-8.570000,118.390000,10,https://www.emsc-csem.org/Earthquake_information/earthquake.php?id=20261005_0000381
2026,10,5,22,58,10.0,2.6,-2.150000,120.610000,10,https://www.emsc-csem.org/Earthquake_information/earthquake.php?id=20261005_0000376
2026,10,5,22,57,28.0,3.1,12.909000,-88.958000,10,https://www.emsc-csem.org/Earthquake_information/earthquake.php?id=20261005_0000374
2026,10,5,22,57,12.0,2.9,25.070000,93.568000,10,https://www.emsc-csem.org/Earthquake_information/earthquake.php?id=20261005_0000378
2026,10,5,22,57,10.0,3.2,16.296000,-98.029000,10,https://www.emsc-csem.org/Earthquake_information/earthquake.php?id=20261005_0000396
2026,10,5,22,54,10.0,4.5,29.493000,87.702000,10,https://www.emsc-csem.org/Earthquake_information/earthquake.php?id=20261005_0000428
2026,10,5,22,53,10.0,3.3,-8.050000,120.030000,10,https://www.emsc-csem.org/Earthquake_information/earthquake.php?id=20261005_0000373
2026,10,5,22,53,10.0,4.6,26.447800,92.909400,10,https://www.emsc-csem.org/Earthquake_information/earthquake.php?id=20261005_0000382
2026,10,5,22,48,142.0,4.8,-5.688300,154.252400,10,https://www.emsc-csem.org/Earthquake_information/earthquake.php?id=20261005_0000413
2026,10,5,22,43,122.5,3.3,17.012000,-94.602000,10,https://www.emsc-csem.org/Earthquake_information/earthquake.php?id=20261005_0000397
2026,10,5,22,33,132.4,3.2,-21.190000,-68.820000,10,https://www.emsc-csem.org/Earthquake_information/earthquake.php?id=20261005_0000367
2026,10,5,22,32,10.0,2.9,-2.840000,127.600000,10,https://www.emsc-csem.org/Earthquake_information/earthquake.php?id=20261005_0000372
2026,10,5,22,30,102.0,2.7,13.716000,-90.232000,10,https://www.emsc-csem.org/Earthquake_information/earthquake.php?id=20261005_0000366
2026,10,5,22,29,115.0,3.0,-21.390000,-68.890000,10,https://www.emsc-csem.org/Earthquake_information/earthquake.php?id=20261005_0000364
2026,10,5,22,27,27.0,2.6,-7.910000,120.720000,10,https://www.emsc-csem.org/Earthquake_information/earthquake.php?id=20261005_0000365
2026,10,5,22,26,6.0,2.5,-31.843000,-68.829000,10,https://www.emsc-csem.org/Earthquake_information/earthquake.php?id=20261005_0000421
2026,10,5,22,24,10.0,3.0,31.257000,-115.215000,10,https://www.emsc-csem.org/Earthquake_information/earthquake.php?id=20261005_0000398
2026,10,5,22,23,16.0,2.6,-9.740000,118.980000,10,https://www.emsc-csem.org/Earthquake_information/earthquake.php?id=20261005_0000363
2026,10,5,22,09,83.0,3.0,-18.430000,46.030000,10,https://www.emsc-csem.org/Earthquake_information/earthquake.php?id=20261005_0000430
2026,10,5,22,06,10.8,2.5,33.268300,-117.934800,10,https://www.emsc-csem.org/Earthquake_information/earthquake.php?id=20261005_0000361
2026,10,5,22,04,55.8,3.1,17.539000,-99.522000,10,https://www.emsc-csem.org/Earthquake_information/earthquake.php?id=20261005_0000399
2026,10,5,21,58,2.6,3.9,14.267000,-93.316000,10,https://www.emsc-csem.org/Earthquake_information/earthquake.php?id=20261005_0000400
2026,10,5,21,54,95.7,3.4,15.968000,-93.934000,10,https://www.emsc-csem.org/Earthquake_information/earthquake.php?id=20261005_0000401
2026,10,5,21,50,18.0,2.9,-9.750000,118.960000,10,https://www.emsc-csem.org/Earthquake_information/earthquake.php?id=20261005_0000359
2026,10,5,21,38,203.4,4.3,36.720600,71.343600,10,https://www.emsc-csem.org/Earthquake_information/earthquake.php?id=20261005_0000412
2026,10,5,21,38,35.0,4.5,-9.690400,118.891100,10,https://www.emsc-csem.org/Earthquake_information/earthquake.php?id=20261005_0000411
2026,10,5,21,29,122.0,3.0,-8.640000,118.110000,10,https://www.emsc-csem.org/Earthquake_information/earthquake.php?id=20261005_0000354
2026,10,5,21,23,18.0,3.8,-8.700000,-79.890000,10,https://ultimosismo.igp.gob.pe/evento/2026-719
2026,10,5,21,13,13.9,3.4,15.224000,-94.413000,10,https://www.emsc-csem.org/Earthquake_information/earthquake.php?id=20261005_0000402
2026,10,5,21,11,15.0,3.2,-9.730000,118.950000,10,https://www.emsc-csem.org/Earthquake_information/earthquake.php?id=20261005_0000351
2026,10,5,20,59,16.1,3.3,16.416000,-98.642000,10,https://www.emsc-csem.org/Earthquake_information/earthquake.php?id=20261005_0000403
2026,10,5,20,54,136.0,3.0,4.350000,125.870000,10,https://www.emsc-csem.org/Earthquake_information/earthquake.php?id=20261005_0000419
2026,10,5,20,50,42.9,3.3,18.607000,-103.190000,10,https://www.emsc-csem.org/Earthquake_information/earthquake.php?id=20261005_0000404
2026,10,5,20,50,5.0,3.3,64.722000,-140.636000,10,https://www.emsc-csem.org/Earthquake_information/earthquake.php?id=20261005_0000414
2026,10,5,20,39,35.7,3.1,16.026000,-97.640000,10,https://www.emsc-csem.org/Earthquake_information/earthquake.php?id=20261005_0000405
2026,10,5,20,37,58.6,3.4,17.929000,-99.938000,10,https://www.emsc-csem.org/Earthquake_information/earthquake.php?id=20261005_0000406
2026,10,5,20,35,47.5,2.5,37.907700,15.727700,10,https://www.emsc-csem.org/Earthquake_information/earthquake.php?id=20261005_0000346
2026,10,5,20,25,17.0,3.0,-9.640000,119.000000,10,https://www.emsc-csem.org/Earthquake_information/earthquake.php?id=20261005_0000336
2026,10,5,20,24,29.9,3.4,16.111000,-97.060000,10,https://www.emsc-csem.org/Earthquake_information/earthquake.php?id=20261005_0000407
2026,10,5,20,24,59.0,3.7,-12.050000,-77.270000,10,https://ultimosismo.igp.gob.pe/evento/2026-718
2026,10,5,20,23,16.6,2.8,33.265000,-117.938700,10,https://www.emsc-csem.org/Earthquake_information/earthquake.php?id=20261005_0000335
2026,10,5,20,22,512.9,5.0,-24.440400,179.946600,10,https://www.emsc-csem.org/Earthquake_information/earthquake.php?id=20261005_0000340
2026,10,5,20,22,11.3,3.6,33.267700,-117.931500,10,https://www.emsc-csem.org/Earthquake_information/earthquake.php?id=20261005_0000332
2026,10,5,20,19,9.9,3.0,17.253000,-101.627000,10,https://www.emsc-csem.org/Earthquake_information/earthquake.php?id=20261005_0000408
2026,10,5,20,11,5.0,2.7,60.491400,-139.700800,10,https://www.emsc-csem.org/Earthquake_information/earthquake.php?id=20261005_0000425
2026,10,5,20,09,6.0,3.5,19.365000,-104.103000,10,https://www.emsc-csem.org/Earthquake_information/earthquake.php?id=20261005_0000409
2026,10,5,20,03,10.3,2.5,35.454700,26.588700,10,https://www.emsc-csem.org/Earthquake_information/earthquake.php?id=20261005_0000333
2026,10,5,19,47,7.1,4.6,8.907700,39.903200,10,https://www.emsc-csem.org/Earthquake_information/earthquake.php?id=20261005_0000327
2026,10,5,19,41,14.8,3.1,-20.670000,-70.780000,10,https://www.emsc-csem.org/Earthquake_information/earthquake.php?id=20261005_0000325
2026,10,5,19,33,118.8,3.2,-22.140000,-68.540000,10,https://www.emsc-csem.org/Earthquake_information/earthquake.php?id=20261005_0000323
2026,10,5,19,25,10.0,2.6,51.015100,-130.731100,10,https://www.emsc-csem.org/Earthquake_information/earthquake.php?id=20261005_0000424
2026,10,5,19,23,5.0,2.6,27.193000,89.041000,10,https://www.emsc-csem.org/Earthquake_information/earthquake.php?id=20261005_0000324
2026,10,5,19,19,133.0,2.5,-28.714000,-67.339000,10,https://www.emsc-csem.org/Earthquake_information/earthquake.php?id=20261005_0000418
2026,10,5,19,16,10.0,3.1,-8.350000,121.270000,10,https://www.emsc-csem.org/Earthquake_information/earthquake.php?id=20261005_0000316
2026,10,5,19,10,94.0,3.4,-23.770000,-68.780000,10,https://www.emsc-csem.org/Earthquake_information/earthquake.php?id=20261005_0000315
2026,10,5,19,03,5.0,3.1,25.444000,90.906000,10,https://www.emsc-csem.org/Earthquake_information/earthquake.php?id=20261005_0000321
2026,10,5,19,00,10.0,2.6,-8.150000,120.070000,10,https://www.emsc-csem.org/Earthquake_information/earthquake.php?id=20261005_0000310
2026,10,5,18,50,5.0,2.7,8.494700,-82.884300,10,https://www.emsc-csem.org/Earthquake_information/earthquake.php?id=20261005_0000422
2026,10,5,18,44,10.7,2.5,38.565200,22.196500,10,https://www.emsc-csem.org/Earthquake_information/earthquake.php?id=20261005_0000313
2026,10,5,18,40,10.0,3.6,-7.830000,120.740000,10,https://www.emsc-csem.org/Earthquake_information/earthquake.php?id=20261005_0000304
2026,10,5,18,36,12.2,2.7,36.639900,25.697500,10,https://www.emsc-csem.org/Earthquake_information/earthquake.php?id=20261005_0000306
2026,10,5,18,30,10.0,2.5,-8.310000,120.590000,10,https://www.emsc-csem.org/Earthquake_information/earthquake.php?id=20261005_0000305
2026,10,5,18,28,124.9,4.4,-5.519100,150.325000,10,https://www.emsc-csem.org/Earthquake_information/earthquake.php?id=20261005_0000308
2026,10,5,18,18,15.0,2.6,-9.720000,118.950000,10,https://www.emsc-csem.org/Earthquake_information/earthquake.php?id=20261005_0000303
2026,10,5,18,05,7.4,2.5,57.680000,-155.850000,10,https://www.emsc-csem.org/Earthquake_information/earthquake.php?id=20261005_0000302
2026,10,5,17,59,114.0,3.2,-3.960000,128.410000,10,https://www.emsc-csem.org/Earthquake_information/earthquake.php?id=20261005_0000298
2026,10,5,17,58,114.0,2.6,-31.581000,-68.872000,10,https://www.emsc-csem.org/Earthquake_information/earthquake.php?id=20261005_0000420
2026,10,5,17,46,10.0,2.8,-1.160000,120.240000,10,https://www.emsc-csem.org/Earthquake_information/earthquake.php?id=20261005_0000299
2026,10,5,17,30,10.0,4.2,51.362100,-130.385900,10,https://www.emsc-csem.org/Earthquake_information/earthquake.php?id=20261005_0000294
2026,10,5,17,28,1.1,4.7,64.626000,-17.384000,10,https://www.emsc-csem.org/Earthquake_information/earthquake.php?id=20261005_0000290
2026,10,5,17,24,10.0,2.8,-8.330000,121.270000,10,https://www.emsc-csem.org/Earthquake_information/earthquake.php?id=20261005_0000288
2026,10,5,17,24,6.0,2.5,28.891700,-98.978100,10,https://www.emsc-csem.org/Earthquake_information/earthquake.php?id=20261005_0000291
2026,10,5,17,12,14.0,3.0,0.960000,120.940000,10,https://www.emsc-csem.org/Earthquake_information/earthquake.php?id=20261005_0000286
2026,10,5,17,01,10.0,2.7,0.540000,98.500000,10,https://www.emsc-csem.org/Earthquake_information/earthquake.php?id=20261005_0000282
2026,10,5,16,55,6.2,3.3,57.682000,-155.841300,10,https://www.emsc-csem.org/Earthquake_information/earthquake.php?id=20261005_0000278
2026,10,5,16,48,123.0,2.8,-29.160000,-69.480000,10,https://www.emsc-csem.org/Earthquake_information/earthquake.php?id=20261005_0000280
2026,10,5,16,48,111.3,2.5,-20.920000,-69.240000,10,https://www.emsc-csem.org/Earthquake_information/earthquake.php?id=20261005_0000279
2026,10,5,16,44,51.7,4.0,17.199000,-94.220000,10,https://www.emsc-csem.org/Earthquake_information/earthquake.php?id=20261005_0000283
2026,10,5,16,35,20.7,2.9,35.962800,27.199400,10,https://www.emsc-csem.org/Earthquake_information/earthquake.php?id=20261005_0000276
2026,10,5,16,34,108.6,2.5,-21.990000,-68.640000,10,https://www.emsc-csem.org/Earthquake_information/earthquake.php?id=20261005_0000275
2026,10,5,16,16,20.0,2.5,-7.810000,121.180000,10,https://www.emsc-csem.org/Earthquake_information/earthquake.php?id=20261005_0000274
2026,10,5,16,10,94.9,2.9,61.319300,-151.841300,10,https://www.emsc-csem.org/Earthquake_information/earthquake.php?id=20261005_0000326
2026,10,5,16,10,11.7,2.7,38.226300,38.578300,10,https://www.emsc-csem.org/Earthquake_information/earthquake.php?id=20261005_0000269
2026,10,5,16,01,24.0,3.3,7.110000,125.760000,10,https://www.emsc-csem.org/Earthquake_information/earthquake.php?id=20261005_0000271
2026,10,5,15,58,23.0,3.0,-7.850000,121.200000,10,https://www.emsc-csem.org/Earthquake_information/earthquake.php?id=20261005_0000265
2026,10,5,15,56,20.6,2.8,40.573200,-124.048500,10,https://www.emsc-csem.org/Earthquake_information/earthquake.php?id=20261005_0000264
2026,10,5,15,40,10.0,2.5,34.388100,-119.776400,10,https://www.emsc-csem.org/Earthquake_information/earthquake.php?id=20261005_0000261
2026,10,5,15,38,10.0,3.9,24.610000,97.440000,10,https://www.emsc-csem.org/Earthquake_information/earthquake.php?id=20261005_0000263
2026,10,5,15,34,23.0,2.5,-7.800000,120.380000,10,https://www.emsc-csem.org/Earthquake_information/earthquake.php?id=20261005_0000277
2026,10,5,15,13,108.1,2.5,-20.680000,-69.260000,10,https://www.emsc-csem.org/Earthquake_information/earthquake.php?id=20261005_0000259
2026,10,5,15,07,190.8,4.3,36.452800,70.695200,10,https://www.emsc-csem.org/Earthquake_information/earthquake.php?id=20261005_0000319
2026,10,5,14,53,25.0,3.8,-2.440000,-79.480000,10,https://www.emsc-csem.org/Earthquake_information/earthquake.php?id=20261005_0000255
2026,10,5,14,40,31.9,2.8,-20.740000,-70.100000,10,https://www.emsc-csem.org/Earthquake_information/earthquake.php?id=20261005_0000253
2026,10,5,14,37,35.0,4.3,31.242800,88.435800,10,https://www.emsc-csem.org/Earthquake_information/earthquake.php?id=20261005_0000254
2026,10,5,14,21,12.0,2.9,-7.890000,120.640000,10,https://www.emsc-csem.org/Earthquake_information/earthquake.php?id=20261005_0000250
2026,10,5,13,44,87.9,3.2,-24.980000,-69.410000,10,https://www.emsc-csem.org/Earthquake_information/earthquake.php?id=20261005_0000227
2026,10,5,13,38,4.0,3.2,14.372000,-90.099000,10,https://www.emsc-csem.org/Earthquake_information/earthquake.php?id=20261005_0000225
2026,10,5,13,30,160.0,4.7,25.098000,123.318600,10,https://www.emsc-csem.org/Earthquake_information/earthquake.php?id=20261005_0000220
2026,10,5,13,14,5.0,3.2,33.890000,74.992000,10,https://www.emsc-csem.org/Earthquake_information/earthquake.php?id=20261005_0000222
2026,10,5,13,10,55.7,2.8,-21.300000,-70.090000,10,https://www.emsc-csem.org/Earthquake_information/earthquake.php?id=20261005_0000216
2026,10,5,13,06,10.0,3.8,-8.290000,120.630000,10,https://www.emsc-csem.org/Earthquake_information/earthquake.php?id=20261005_0000209
2026,10,5,13,05,10.0,4.4,-8.195900,120.707200,10,https://earthquake.usgs.gov/earthquakes/eventpage/us6000tznr
2026,10,5,12,59,10.0,3.2,38.275100,45.187100,10,https://www.emsc-csem.org/Earthquake_information/earthquake.php?id=20261005_0000218
2026,10,5,12,43,10.0,3.3,8.830700,-87.070000,10,https://www.emsc-csem.org/Earthquake_information/earthquake.php?id=20261005_0000211
2026,10,5,12,34,5.0,2.6,46.302400,5.894500,10,https://www.emsc-csem.org/Earthquake_information/earthquake.php?id=20261005_0000231
2026,10,5,12,31,28.2,3.9,19.354700,-155.300700,10,https://www.emsc-csem.org/Earthquake_information/earthquake.php?id=20261005_0000201
2026,10,5,12,27,10.7,2.7,32.174000,-102.171000,10,https://www.emsc-csem.org/Earthquake_information/earthquake.php?id=20261005_0000200
2026,10,5,12,17,103.5,3.0,-20.290000,-69.220000,10,https://www.emsc-csem.org/Earthquake_information/earthquake.php?id=20261005_0000198
2026,10,5,12,17,10.0,4.4,-9.694300,118.821800,10,https://www.emsc-csem.org/Earthquake_information/earthquake.php?id=20261005_0000217
2026,10,5,12,15,6.0,3.2,12.200000,123.890000,10,https://www.emsc-csem.org/Earthquake_information/earthquake.php?id=20261005_0000202
2026,10,5,12,10,127.5,2.6,60.132400,-152.990700,10,https://www.emsc-csem.org/Earthquake_information/earthquake.php?id=20261005_0000196
2026,10,5,11,50,3.0,3.2,8.200000,126.870000,10,https://www.emsc-csem.org/Earthquake_information/earthquake.php?id=20261005_0000191
2026,10,5,11,47,32.0,4.6,-15.666400,167.149100,10,https://www.emsc-csem.org/Earthquake_information/earthquake.php?id=20261005_0000194
2026,10,5,11,44,300.0,3.4,12.019400,-87.292000,10,https://www.emsc-csem.org/Earthquake_information/earthquake.php?id=20261005_0000195
2026,10,5,11,34,7.0,3.0,21.510000,101.551000,10,https://www.emsc-csem.org/Earthquake_information/earthquake.php?id=20261005_0000189
2026,10,5,11,16,10.0,3.1,51.230000,122.730000,10,https://www.emsc-csem.org/Earthquake_information/earthquake.php?id=20261005_0000188
2026,10,5,11,06,104.1,3.0,60.249500,-152.643600,10,https://www.emsc-csem.org/Earthquake_information/earthquake.php?id=20261005_0000182
2026,10,5,11,02,147.1,3.7,-39.445600,174.440100,10,https://www.emsc-csem.org/Earthquake_information/earthquake.php?id=20261005_0000180
2026,10,5,10,59,125.0,2.9,-31.880000,-69.180000,10,https://www.emsc-csem.org/Earthquake_information/earthquake.php?id=20261005_0000181
2026,10,5,10,53,0.0,3.5,40.270000,19.500000,10,https://www.emsc-csem.org/Earthquake_information/earthquake.php?id=20261005_0000176
2026,10,5,10,52,6.2,5.0,15.815900,147.367100,10,https://www.emsc-csem.org/Earthquake_information/earthquake.php?id=20261005_0000183
2026,10,5,10,49,5.0,3.3,16.841000,-99.139000,10,https://www.emsc-csem.org/Earthquake_information/earthquake.php?id=20261005_0000232
2026,10,5,10,41,6.0,2.6,-25.858000,-66.779000,10,https://www.emsc-csem.org/Earthquake_information/earthquake.php?id=20261005_0000203
2026,10,5,10,38,14.3,2.7,55.405000,-158.484000,10,https://earthquake.usgs.gov/earthquakes/eventpage/aka2026tslhrt
2026,10,5,10,37,12.0,3.6,-7.770000,120.370000,10,https://www.emsc-csem.org/Earthquake_information/earthquake.php?id=20261005_0000171
2026,10,5,10,32,95.0,4.2,-16.190000,-72.740000,10,https://ultimosismo.igp.gob.pe/evento/2026-717
2026,10,5,10,29,108.4,3.3,17.148000,-95.213000,10,https://www.emsc-csem.org/Earthquake_information/earthquake.php?id=20261005_0000233
2026,10,5,10,27,24.2,3.8,14.140000,-92.346000,10,https://www.emsc-csem.org/Earthquake_information/earthquake.php?id=20261005_0000234
2026,10,5,10,27,50.0,3.1,33.600000,132.500000,10,https://www.emsc-csem.org/Earthquake_information/earthquake.php?id=20261005_0000170
2026,10,5,10,20,12.4,4.0,15.822000,-95.098000,10,https://www.emsc-csem.org/Earthquake_information/earthquake.php?id=20261005_0000173
2026,10,5,10,18,16.6,3.2,31.683000,-115.094000,10,https://www.emsc-csem.org/Earthquake_information/earthquake.php?id=20261005_0000235
2026,10,5,10,14,102.0,2.8,-31.240000,-68.392000,10,https://www.emsc-csem.org/Earthquake_information/earthquake.php?id=20261005_0000223
2026,10,5,10,13,236.4,3.2,-33.754300,178.694500,10,https://www.emsc-csem.org/Earthquake_information/earthquake.php?id=20261005_0000166
2026,10,5,10,06,56.7,3.0,-32.170000,-71.500000,10,https://www.emsc-csem.org/Earthquake_information/earthquake.php?id=20261005_0000161
2026,10,5,10,05,10.0,3.0,-8.240000,120.530000,10,https://www.emsc-csem.org/Earthquake_information/earthquake.php?id=20261005_0000163
2026,10,5,10,03,10.0,4.7,-33.703800,-14.526300,10,https://www.emsc-csem.org/Earthquake_information/earthquake.php?id=20261005_0000429
2026,10,5,09,43,107.4,3.9,15.867000,-93.543000,10,https://www.emsc-csem.org/Earthquake_information/earthquake.php?id=20261005_0000236
2026,10,5,09,41,145.8,3.8,17.129000,-94.193000,10,https://www.emsc-csem.org/Earthquake_information/earthquake.php?id=20261005_0000237
2026,10,5,09,37,104.0,2.6,-31.221000,-68.710000,10,https://www.emsc-csem.org/Earthquake_information/earthquake.php?id=20261005_0000185
2026,10,5,09,35,12.8,3.4,43.137200,17.723900,10,https://www.emsc-csem.org/Earthquake_information/earthquake.php?id=20261005_0000157
2026,10,5,09,33,60.0,4.0,50.950000,157.490000,10,https://www.emsc-csem.org/Earthquake_information/earthquake.php?id=20261005_0000179
2026,10,5,09,32,20.0,2.8,8.370200,-82.803800,10,https://www.emsc-csem.org/Earthquake_information/earthquake.php?id=20261005_0000164
2026,10,5,09,31,91.2,3.3,15.291000,-92.993000,10,https://www.emsc-csem.org/Earthquake_information/earthquake.php?id=20261005_0000238
2026,10,5,09,12,145.0,4.2,-6.900000,130.080000,10,https://www.emsc-csem.org/Earthquake_information/earthquake.php?id=20261005_0000155
2026,10,5,09,12,12.3,3.5,16.116000,-97.215000,10,https://www.emsc-csem.org/Earthquake_information/earthquake.php?id=20261005_0000239
2026,10,5,09,10,70.9,3.4,19.345000,-104.406000,10,https://www.emsc-csem.org/Earthquake_information/earthquake.php?id=20261005_0000240
2026,10,5,09,02,10.0,3.0,-8.410000,121.510000,10,https://www.emsc-csem.org/Earthquake_information/earthquake.php?id=20261005_0000150
2026,10,5,08,57,19.0,2.5,-7.440000,106.820000,10,https://www.emsc-csem.org/Earthquake_information/earthquake.php?id=20261005_0000151
2026,10,5,08,55,16.2,3.5,31.633000,-114.564000,10,https://www.emsc-csem.org/Earthquake_information/earthquake.php?id=20261005_0000241
2026,10,5,08,51,9.1,2.5,44.117300,10.539300,10,https://www.emsc-csem.org/Earthquake_information/earthquake.php?id=20261005_0000148
2026,10,5,08,42,47.5,3.6,17.790000,-101.369000,10,https://www.emsc-csem.org/Earthquake_information/earthquake.php?id=20261005_0000242
2026,10,5,08,38,33.4,3.6,16.576000,-98.622000,10,https://www.emsc-csem.org/Earthquake_information/earthquake.php?id=20261005_0000243
2026,10,5,08,37,5.0,3.3,11.922000,-85.685000,10,https://www.emsc-csem.org/Earthquake_information/earthquake.php?id=20261005_0000142
2026,10,5,08,36,6.0,2.9,-38.200000,-68.574000,10,https://www.emsc-csem.org/Earthquake_information/earthquake.php?id=20261005_0000224
2026,10,5,08,36,10.0,2.8,-8.300000,120.640000,10,https://www.emsc-csem.org/Earthquake_information/earthquake.php?id=20261005_0000140
2026,10,5,08,29,101.9,3.3,-22.050000,-68.690000,10,https://www.emsc-csem.org/Earthquake_information/earthquake.php?id=20261005_0000139
2026,10,5,08,28,21.0,3.3,9.660000,126.160000,10,https://www.emsc-csem.org/Earthquake_information/earthquake.php?id=20261005_0000141
2026,10,5,08,25,107.0,3.8,-24.220000,-68.870000,10,https://www.emsc-csem.org/Earthquake_information/earthquake.php?id=20261005_0000137
2026,10,5,08,18,11.5,3.0,40.738700,27.419500,10,https://www.emsc-csem.org/Earthquake_information/earthquake.php?id=20261005_0000133
2026,10,5,08,17,10.0,3.0,-10.100000,118.810000,10,https://www.emsc-csem.org/Earthquake_information/earthquake.php?id=20261005_0000136
2026,10,5,08,12,105.0,2.6,-31.649000,-68.982000,10,https://www.emsc-csem.org/Earthquake_information/earthquake.php?id=20261005_0000175
2026,10,5,08,04,25.0,3.5,11.450000,-86.811000,10,https://www.emsc-csem.org/Earthquake_information/earthquake.php?id=20261005_0000131
2026,10,5,08,00,13.4,2.9,18.814800,-67.324700,10,https://www.emsc-csem.org/Earthquake_information/earthquake.php?id=20261005_0000135
2026,10,5,07,57,10.0,2.6,-8.280000,120.590000,10,https://www.emsc-csem.org/Earthquake_information/earthquake.php?id=20261005_0000130
2026,10,5,07,55,18.0,3.7,31.468000,-114.656000,10,https://www.emsc-csem.org/Earthquake_information/earthquake.php?id=20261005_0000244
2026,10,5,07,43,10.0,2.6,-8.350000,120.530000,10,https://www.emsc-csem.org/Earthquake_information/earthquake.php?id=20261005_0000126
2026,10,5,07,35,10.8,3.7,31.489000,-114.605000,10,https://www.emsc-csem.org/Earthquake_information/earthquake.php?id=20261005_0000245
2026,10,5,07,28,10.0,2.7,-8.340000,120.570000,10,https://www.emsc-csem.org/Earthquake_information/earthquake.php?id=20261005_0000122
2026,10,5,07,22,20.0,3.4,3.790000,125.530000,10,https://www.emsc-csem.org/Earthquake_information/earthquake.php?id=20261005_0000118
2026,10,5,07,21,7.0,3.0,25.839000,90.429000,10,https://www.emsc-csem.org/Earthquake_information/earthquake.php?id=20261005_0000127
2026,10,5,07,20,12.0,2.8,-9.680000,119.080000,10,https://www.emsc-csem.org/Earthquake_information/earthquake.php?id=20261005_0000119
2026,10,5,07,15,10.0,3.0,-2.500000,127.600000,10,https://www.emsc-csem.org/Earthquake_information/earthquake.php?id=20261005_0000116
2026,10,5,07,13,35.0,4.9,22.847400,144.046500,10,https://www.emsc-csem.org/Earthquake_information/earthquake.php?id=20261005_0000123
2026,10,5,07,04,89.6,2.8,-22.770000,-68.980000,10,https://www.emsc-csem.org/Earthquake_information/earthquake.php?id=20261005_0000114
2026,10,5,06,48,13.0,2.8,-9.770000,118.950000,10,https://www.emsc-csem.org/Earthquake_information/earthquake.php?id=20261005_0000112
2026,10,5,06,39,11.0,2.6,-8.180000,121.150000,10,https://www.emsc-csem.org/Earthquake_information/earthquake.php?id=20261005_0000107
2026,10,5,06,35,10.0,2.6,-1.350000,120.400000,10,https://www.emsc-csem.org/Earthquake_information/earthquake.php?id=20261005_0000108
2026,10,5,06,35,5.0,2.9,27.961000,94.309000,10,https://www.emsc-csem.org/Earthquake_information/earthquake.php?id=20261005_0000124
2026,10,5,06,27,122.5,2.5,-21.300000,-68.990000,10,https://www.emsc-csem.org/Earthquake_information/earthquake.php?id=20261005_0000103
2026,10,5,06,19,143.6,2.7,-22.030000,-68.690000,10,https://www.emsc-csem.org/Earthquake_information/earthquake.php?id=20261005_0000098
2026,10,5,06,18,34.4,2.5,19.461300,-155.615200,10,https://www.emsc-csem.org/Earthquake_information/earthquake.php?id=20261005_0000144
2026,10,5,06,14,61.0,4.8,4.503400,126.905500,10,https://www.emsc-csem.org/Earthquake_information/earthquake.php?id=20261005_0000105
2026,10,5,06,11,10.0,2.7,4.370000,96.580000,10,https://www.emsc-csem.org/Earthquake_information/earthquake.php?id=20261005_0000097
2026,10,5,06,02,128.0,2.9,14.987000,-91.710000,10,https://www.emsc-csem.org/Earthquake_information/earthquake.php?id=20261005_0000093
2026,10,5,06,02,21.3,2.5,18.634800,-66.935300,10,https://www.emsc-csem.org/Earthquake_information/earthquake.php?id=20261005_0000102
2026,10,5,05,58,15.0,3.3,-9.730000,118.940000,10,https://www.emsc-csem.org/Earthquake_information/earthquake.php?id=20261005_0000091
2026,10,5,05,57,29.0,2.9,-7.940000,120.840000,10,https://www.emsc-csem.org/Earthquake_information/earthquake.php?id=20261005_0000092
2026,10,5,05,56,31.1,2.7,-21.160000,-70.670000,10,https://www.emsc-csem.org/Earthquake_information/earthquake.php?id=20261005_0000090
2026,10,5,05,42,11.4,2.5,41.168300,-116.700000,10,https://www.emsc-csem.org/Earthquake_information/earthquake.php?id=20261005_0000317
2026,10,5,05,37,10.0,2.9,77.408000,8.239000,10,https://www.emsc-csem.org/Earthquake_information/earthquake.php?id=20261005_0000129
2026,10,5,05,36,133.5,3.7,45.657400,26.598200,10,https://www.emsc-csem.org/Earthquake_information/earthquake.php?id=20261005_0000086
2026,10,5,05,28,10.0,2.9,-7.810000,120.350000,10,https://www.emsc-csem.org/Earthquake_information/earthquake.php?id=20261005_0000083
2026,10,5,05,26,10.0,5.0,-21.337800,-174.361400,10,https://www.emsc-csem.org/Earthquake_information/earthquake.php?id=20261005_0000089
2026,10,5,05,23,10.0,4.0,-9.540000,115.280000,10,https://www.emsc-csem.org/Earthquake_information/earthquake.php?id=20261005_0000081
2026,10,5,05,14,17.0,3.0,-8.640000,109.880000,10,https://www.emsc-csem.org/Earthquake_information/earthquake.php?id=20261005_0000077
2026,10,5,05,00,10.0,2.5,-8.290000,120.600000,10,https://www.emsc-csem.org/Earthquake_information/earthquake.php?id=20261005_0000074
2026,10,5,04,58,12.0,3.5,-3.520000,-79.680000,10,https://www.emsc-csem.org/Earthquake_information/earthquake.php?id=20261005_0000071
2026,10,5,04,52,7.0,2.5,37.749000,36.083500,10,https://www.emsc-csem.org/Earthquake_information/earthquake.php?id=20261005_0000072
2026,10,5,04,39,170.0,3.9,0.380000,121.760000,10,https://www.emsc-csem.org/Earthquake_information/earthquake.php?id=20261005_0000070
2026,10,5,04,34,7.0,3.0,-38.189000,-68.588000,10,https://www.emsc-csem.org/Earthquake_information/earthquake.php?id=20261005_0000197
2026,10,5,04,31,7.0,2.7,37.715800,36.092700,10,https://www.emsc-csem.org/Earthquake_information/earthquake.php?id=20261005_0000068
2026,10,5,04,21,10.0,3.7,12.230000,123.910000,10,https://www.emsc-csem.org/Earthquake_information/earthquake.php?id=20261005_0000065
2026,10,5,04,16,58.0,4.5,46.049500,151.786500,10,https://www.emsc-csem.org/Earthquake_information/earthquake.php?id=20261005_0000067
2026,10,5,03,56,9.8,2.9,38.047100,-5.766900,10,https://www.emsc-csem.org/Earthquake_information/earthquake.php?id=20261005_0000060
2026,10,5,03,56,14.0,3.0,37.240900,20.381700,10,https://www.emsc-csem.org/Earthquake_information/earthquake.php?id=20261005_0000069
2026,10,5,03,47,125.0,2.5,-28.640000,-67.480000,10,https://www.emsc-csem.org/Earthquake_information/earthquake.php?id=20261005_0000059
2026,10,5,03,47,10.0,2.8,-8.140000,121.000000,10,https://www.emsc-csem.org/Earthquake_information/earthquake.php?id=20261005_0000058
2026,10,5,03,39,10.0,2.8,-7.810000,120.330000,10,https://www.emsc-csem.org/Earthquake_information/earthquake.php?id=20261005_0000056
2026,10,5,03,36,10.0,2.6,42.807800,13.105200,10,https://www.emsc-csem.org/Earthquake_information/earthquake.php?id=20261005_0000055
2026,10,5,03,16,10.0,2.5,-8.350000,121.360000,10,https://www.emsc-csem.org/Earthquake_information/earthquake.php?id=20261005_0000052
2026,10,5,03,14,40.0,4.3,51.380000,160.050000,10,https://www.emsc-csem.org/Earthquake_information/earthquake.php?id=20261005_0000111
2026,10,5,03,07,42.84,3.0,18.773500,-66.035167,10,https://earthquake.usgs.gov/earthquakes/eventpage/pr71535773
2026,10,5,03,05,23.6,2.9,18.817000,-64.437000,10,https://www.emsc-csem.org/Earthquake_information/earthquake.php?id=20261005_0000061
2026,10,5,02,53,68.0,2.7,12.489000,-88.081000,10,https://www.emsc-csem.org/Earthquake_information/earthquake.php?id=20261005_0000048
2026,10,5,02,47,21.2,2.6,36.513800,28.927000,10,https://www.emsc-csem.org/Earthquake_information/earthquake.php?id=20261005_0000047
2026,10,5,02,44,10.0,4.2,-7.850000,120.350000,10,https://www.emsc-csem.org/Earthquake_information/earthquake.php?id=20261005_0000043
2026,10,5,02,44,13.1,2.5,37.759500,36.096700,10,https://www.emsc-csem.org/Earthquake_information/earthquake.php?id=20261005_0000046
2026,10,5,02,42,7.0,3.5,37.756700,36.094700,10,https://www.emsc-csem.org/Earthquake_information/earthquake.php?id=20261005_0000045
2026,10,5,02,41,10.0,4.0,72.721000,3.754000,10,https://www.emsc-csem.org/Earthquake_information/earthquake.php?id=20261005_0000042
2026,10,5,02,34,5.0,3.2,47.136800,-113.108000,10,https://www.emsc-csem.org/Earthquake_information/earthquake.php?id=20261005_0000049
2026,10,5,02,32,47.4,2.9,-29.450000,-71.280000,10,https://www.emsc-csem.org/Earthquake_information/earthquake.php?id=20261005_0000041
2026,10,5,02,29,10.0,3.4,31.298700,-16.123400,10,https://www.emsc-csem.org/Earthquake_information/earthquake.php?id=20261005_0000044
2026,10,5,02,27,10.0,3.5,-7.920000,120.180000,10,https://www.emsc-csem.org/Earthquake_information/earthquake.php?id=20261005_0000038
2026,10,5,02,16,10.0,4.4,-9.280000,113.040000,10,https://www.emsc-csem.org/Earthquake_information/earthquake.php?id=20261005_0000035
2026,10,5,02,15,142.0,3.0,3.710000,125.760000,10,https://www.emsc-csem.org/Earthquake_information/earthquake.php?id=20261005_0000040
2026,10,5,02,04,18.5,2.9,44.565000,10.443700,10,https://www.emsc-csem.org/Earthquake_information/earthquake.php?id=20261005_0000032
2026,10,5,01,55,6.4,2.8,39.164900,-119.043400,10,https://www.emsc-csem.org/Earthquake_information/earthquake.php?id=20261005_0000028
2026,10,5,01,51,135.0,2.9,-32.080000,-67.200000,10,https://www.emsc-csem.org/Earthquake_information/earthquake.php?id=20261005_0000027
2026,10,5,01,44,30.9,2.7,-27.990000,-71.440000,10,https://www.emsc-csem.org/Earthquake_information/earthquake.php?id=20261005_0000025
2026,10,5,01,39,121.0,2.7,-32.756000,-69.661000,10,https://www.emsc-csem.org/Earthquake_information/earthquake.php?id=20261005_0000266
2026,10,5,01,27,140.7,2.9,-20.770000,-68.950000,10,https://www.emsc-csem.org/Earthquake_information/earthquake.php?id=20261005_0000022
2026,10,5,01,20,167.36,4.4,12.095800,-86.489100,10,https://earthquake.usgs.gov/earthquakes/eventpage/us6000tzln
2026,10,5,01,20,154.0,3.8,12.132000,-86.534000,10,https://www.emsc-csem.org/Earthquake_information/earthquake.php?id=20261005_0000021
2026,10,5,01,18,10.0,5.3,-0.430300,-19.957900,10,https://www.emsc-csem.org/Earthquake_information/earthquake.php?id=20261005_0000020
2026,10,5,01,18,59.3,3.2,-20.440000,-69.800000,10,https://www.emsc-csem.org/Earthquake_information/earthquake.php?id=20261005_0000019
2026,10,5,01,12,240.1,3.0,-24.030000,-67.610000,10,https://www.emsc-csem.org/Earthquake_information/earthquake.php?id=20261005_0000016
2026,10,5,01,02,101.0,3.7,-31.210000,-68.840000,10,https://www.emsc-csem.org/Earthquake_information/earthquake.php?id=20261005_0000014
2026,10,5,00,50,10.0,3.5,-10.560000,-75.390000,10,https://ultimosismo.igp.gob.pe/evento/2026-716
2026,10,5,00,49,110.0,3.3,3.860000,125.780000,10,https://www.emsc-csem.org/Earthquake_information/earthquake.php?id=20261005_0000012
2026,10,5,00,36,20.0,2.9,8.665300,-82.462500,10,https://www.emsc-csem.org/Earthquake_information/earthquake.php?id=20261005_0000256
2026,10,5,00,34,18.3,2.5,-33.820000,-72.060000,10,https://www.emsc-csem.org/Earthquake_information/earthquake.php?id=20261005_0000006
2026,10,5,00,27,10.0,4.2,56.880000,121.510000,10,https://www.emsc-csem.org/Earthquake_information/earthquake.php?id=20261005_0000024
2026,10,5,00,23,10.0,2.9,-31.570000,-67.840000,10,https://www.emsc-csem.org/Earthquake_information/earthquake.php?id=20261005_0000004
2026,10,5,00,15,9.7,3.5,38.313400,23.334500,10,https://www.emsc-csem.org/Earthquake_information/earthquake.php?id=20261005_0000001
2026,10,5,00,14,13.0,3.0,-9.790000,118.980000,10,https://www.emsc-csem.org/Earthquake_information/earthquake.php?id=20261005_0000003
2026,10,4,23,44,29.0,2.7,-8.130000,120.870000,10,https://www.emsc-csem.org/Earthquake_information/earthquake.php?id=20261004_0000375
2026,10,4,23,39,90.0,3.8,28.700000,129.000000,10,https://www.emsc-csem.org/Earthquake_information/earthquake.php?id=20261004_0000374
2026,10,4,23,37,13.0,3.2,10.964900,-85.987600,10,https://www.emsc-csem.org/Earthquake_information/earthquake.php?id=20261004_0000381
2026,10,4,23,36,27.0,4.3,12.877100,-89.736500,10,https://www.emsc-csem.org/Earthquake_information/earthquake.php?id=20261004_0000373
2026,10,4,23,35,40.0,3.2,1.370000,126.350000,10,https://www.emsc-csem.org/Earthquake_information/earthquake.php?id=20261004_0000372
2026,10,4,23,33,267.0,3.7,8.882600,-89.843600,10,https://www.emsc-csem.org/Earthquake_information/earthquake.php?id=20261004_0000382
2026,10,4,23,30,14.0,2.6,35.940000,27.260000,10,https://www.emsc-csem.org/Earthquake_information/earthquake.php?id=20261004_0000380
2026,10,4,23,19,17.0,4.0,-9.680000,119.020000,10,https://www.emsc-csem.org/Earthquake_information/earthquake.php?id=20261004_0000371
2026,10,4,23,14,30.6,2.7,-18.280000,-71.240000,10,https://www.emsc-csem.org/Earthquake_information/earthquake.php?id=20261004_0000370
2026,10,4,23,05,10.0,4.4,-4.579200,133.575900,10,https://www.emsc-csem.org/Earthquake_information/earthquake.php?id=20261004_0000366
2026,10,4,23,03,18.0,3.6,-9.740000,118.920000,10,https://www.emsc-csem.org/Earthquake_information/earthquake.php?id=20261004_0000362
2026,10,4,23,03,11.0,3.5,-15.700000,-71.960000,10,https://ultimosismo.igp.gob.pe/evento/2026-715
2026,10,4,22,56,20.0,3.0,41.160000,83.130000,10,https://www.emsc-csem.org/Earthquake_information/earthquake.php?id=20261004_0000364
2026,10,4,22,54,10.0,4.4,53.340000,108.590000,10,https://www.emsc-csem.org/Earthquake_information/earthquake.php?id=20261004_0000383
2026,10,4,22,52,54.7,3.0,19.762000,-104.614000,10,https://www.emsc-csem.org/Earthquake_information/earthquake.php?id=20261004_0000384
2026,10,4,22,51,7.0,4.2,37.758300,36.096500,10,https://www.emsc-csem.org/Earthquake_information/earthquake.php?id=20261004_0000355
2026,10,4,22,42,10.0,3.3,-1.180000,120.210000,10,https://www.emsc-csem.org/Earthquake_information/earthquake.php?id=20261004_0000353
2026,10,4,22,37,15.0,2.5,36.831000,-24.151000,10,https://www.emsc-csem.org/Earthquake_information/earthquake.php?id=20261004_0000352
2026,10,4,22,28,10.0,3.0,34.200000,133.800000,10,https://www.emsc-csem.org/Earthquake_information/earthquake.php?id=20261004_0000344
2026,10,4,22,28,10.0,2.5,-8.130000,120.410000,10,https://www.emsc-csem.org/Earthquake_information/earthquake.php?id=20261004_0000345
2026,10,4,22,17,6.0,3.2,38.690000,23.390000,10,https://www.emsc-csem.org/Earthquake_information/earthquake.php?id=20261004_0000342
2026,10,4,22,13,10.0,4.2,44.631700,-128.945700,10,https://www.emsc-csem.org/Earthquake_information/earthquake.php?id=20261004_0000356
2026,10,4,22,13,245.4,2.9,-23.690000,-67.270000,10,https://www.emsc-csem.org/Earthquake_information/earthquake.php?id=20261004_0000343
2026,10,4,22,11,20.0,2.6,-25.775000,-65.427000,10,https://www.emsc-csem.org/Earthquake_information/earthquake.php?id=20261004_0000412
2026,10,4,22,04,112.0,2.9,-31.390000,-69.350000,10,https://www.emsc-csem.org/Earthquake_information/earthquake.php?id=20261004_0000341
2026,10,4,21,50,8.0,2.5,36.550800,-121.091500,10,https://www.emsc-csem.org/Earthquake_information/earthquake.php?id=20261004_0000333
2026,10,4,21,46,10.0,2.8,66.744000,-18.787000,10,https://www.emsc-csem.org/Earthquake_information/earthquake.php?id=20261004_0000401
2026,10,4,21,40,30.0,3.2,16.119000,-97.506000,10,https://www.emsc-csem.org/Earthquake_information/earthquake.php?id=20261004_0000385
2026,10,4,21,30,44.7,3.1,17.413000,-101.000000,10,https://www.emsc-csem.org/Earthquake_information/earthquake.php?id=20261004_0000386
2026,10,4,21,28,7.0,2.5,37.736700,36.096200,10,https://www.emsc-csem.org/Earthquake_information/earthquake.php?id=20261004_0000328
2026,10,4,21,16,47.7,3.4,18.316000,-102.765000,10,https://www.emsc-csem.org/Earthquake_information/earthquake.php?id=20261004_0000387
2026,10,4,21,11,10.0,2.5,-8.300000,120.590000,10,https://www.emsc-csem.org/Earthquake_information/earthquake.php?id=20261004_0000324
2026,10,4,21,08,14.0,3.5,-9.490000,-75.890000,10,https://ultimosismo.igp.gob.pe/evento/2026-714
2026,10,4,21,07,22.0,2.7,36.066500,-119.643700,10,https://www.emsc-csem.org/Earthquake_information/earthquake.php?id=20261004_0000323
2026,10,4,20,54,6.0,3.2,11.150000,124.160000,10,https://www.emsc-csem.org/Earthquake_information/earthquake.php?id=20261004_0000325
2026,10,4,20,54,10.0,4.1,-6.140000,130.610000,10,https://www.emsc-csem.org/Earthquake_information/earthquake.php?id=20261004_0000320
2026,10,4,20,39,40.2,3.5,15.003000,-93.490000,10,https://www.emsc-csem.org/Earthquake_information/earthquake.php?id=20261004_0000389
2026,10,4,20,32,15.8,3.3,16.431000,-98.495000,10,https://www.emsc-csem.org/Earthquake_information/earthquake.php?id=20261004_0000390
2026,10,4,20,31,3.6,3.4,19.153000,-103.692000,10,https://www.emsc-csem.org/Earthquake_information/earthquake.php?id=20261004_0000391
2026,10,4,20,27,250.0,4.8,36.645600,70.955500,10,https://www.emsc-csem.org/Earthquake_information/earthquake.php?id=20261004_0000312
2026,10,4,20,16,35.0,4.4,45.861700,151.287200,10,https://www.emsc-csem.org/Earthquake_information/earthquake.php?id=20261004_0000314
2026,10,4,20,12,2.2,3.7,18.236000,-103.483000,10,https://www.emsc-csem.org/Earthquake_information/earthquake.php?id=20261004_0000392
2026,10,4,20,06,41.0,2.7,-7.420000,106.750000,10,https://www.emsc-csem.org/Earthquake_information/earthquake.php?id=20261004_0000309
2026,10,4,19,57,132.0,3.3,-32.020000,-70.000000,10,https://www.emsc-csem.org/Earthquake_information/earthquake.php?id=20261004_0000308
2026,10,4,19,57,5.0,3.1,19.785000,-104.587000,10,https://www.emsc-csem.org/Earthquake_information/earthquake.php?id=20261004_0000393
2026,10,4,19,42,10.0,3.2,-7.870000,120.840000,10,https://www.emsc-csem.org/Earthquake_information/earthquake.php?id=20261004_0000303
2026,10,4,19,30,29.0,2.8,1.580000,126.180000,10,https://www.emsc-csem.org/Earthquake_information/earthquake.php?id=20261004_0000302
2026,10,4,19,24,11.0,3.3,-8.310000,121.350000,10,https://www.emsc-csem.org/Earthquake_information/earthquake.php?id=20261004_0000299
2026,10,4,19,18,82.0,4.3,-8.890000,118.900000,10,https://www.emsc-csem.org/Earthquake_information/earthquake.php?id=20261004_0000300
2026,10,4,18,56,10.0,3.2,44.245200,-129.145300,10,https://www.emsc-csem.org/Earthquake_information/earthquake.php?id=20261004_0000301
2026,10,4,18,55,98.1,3.4,-23.290000,-69.030000,10,https://www.emsc-csem.org/Earthquake_information/earthquake.php?id=20261004_0000296
2026,10,4,18,44,103.8,2.6,-27.150000,-70.380000,10,https://www.emsc-csem.org/Earthquake_information/earthquake.php?id=20261004_0000297
2026,10,4,18,31,10.0,2.8,-8.180000,120.440000,10,https://www.emsc-csem.org/Earthquake_information/earthquake.php?id=20261004_0000293
2026,10,4,18,18,9.0,2.5,31.618000,76.301000,10,https://www.emsc-csem.org/Earthquake_information/earthquake.php?id=20261004_0000291
2026,10,4,18,17,11.0,3.0,37.760000,36.102000,10,https://www.emsc-csem.org/Earthquake_information/earthquake.php?id=20261004_0000289
2026,10,4,18,12,24.0,2.5,-22.370000,-68.990000,10,https://www.emsc-csem.org/Earthquake_information/earthquake.php?id=20261004_0000284
2026,10,4,18,00,53.0,3.9,13.884000,-91.400000,10,https://www.emsc-csem.org/Earthquake_information/earthquake.php?id=20261004_0000281
2026,10,4,17,50,4.0,2.8,38.720000,23.370000,10,https://www.emsc-csem.org/Earthquake_information/earthquake.php?id=20261004_0000286
2026,10,4,17,38,14.0,2.9,-20.720000,-69.780000,10,https://www.emsc-csem.org/Earthquake_information/earthquake.php?id=20261004_0000282
2026,10,4,17,28,7.0,4.2,37.763800,36.093800,10,https://www.emsc-csem.org/Earthquake_information/earthquake.php?id=20261004_0000277
2026,10,4,17,23,30.5,2.5,-31.620000,-71.650000,10,https://www.emsc-csem.org/Earthquake_information/earthquake.php?id=20261004_0000275
2026,10,4,17,19,10.0,4.4,28.616600,104.685900,10,https://www.emsc-csem.org/Earthquake_information/earthquake.php?id=20261004_0000276
2026,10,4,17,18,10.0,3.0,37.769300,36.095800,10,https://www.emsc-csem.org/Earthquake_information/earthquake.php?id=20261004_0000274
2026,10,4,17,15,42.0,2.7,19.429700,-155.601200,10,https://www.emsc-csem.org/Earthquake_information/earthquake.php?id=20261004_0000270
2026,10,4,17,14,7.0,2.9,37.752200,36.100500,10,https://www.emsc-csem.org/Earthquake_information/earthquake.php?id=20261004_0000273
2026,10,4,16,51,237.7,3.5,-36.778400,177.969600,10,https://www.emsc-csem.org/Earthquake_information/earthquake.php?id=20261004_0000267
2026,10,4,16,50,7.0,2.5,37.750000,36.093700,10,https://www.emsc-csem.org/Earthquake_information/earthquake.php?id=20261004_0000266
2026,10,4,16,47,7.8,2.5,38.171700,-117.816200,10,https://www.emsc-csem.org/Earthquake_information/earthquake.php?id=20261004_0000264
2026,10,4,16,30,10.0,2.9,58.541700,-137.090200,10,https://www.emsc-csem.org/Earthquake_information/earthquake.php?id=20261004_0000262
2026,10,4,16,21,36.0,2.6,-7.430000,106.740000,10,https://www.emsc-csem.org/Earthquake_information/earthquake.php?id=20261004_0000261
2026,10,4,16,17,101.2,3.2,-23.620000,-68.800000,10,https://www.emsc-csem.org/Earthquake_information/earthquake.php?id=20261004_0000259
2026,10,4,16,16,18.3,3.1,-39.277200,174.731700,10,https://www.emsc-csem.org/Earthquake_information/earthquake.php?id=20261004_0000260
2026,10,4,16,03,5.0,3.1,37.772700,36.124300,10,https://www.emsc-csem.org/Earthquake_information/earthquake.php?id=20261004_0000258
2026,10,4,16,00,7.0,4.3,37.766700,36.097700,10,https://www.emsc-csem.org/Earthquake_information/earthquake.php?id=20261004_0000254
2026,10,4,16,00,42.0,2.8,-7.420000,106.740000,10,https://www.emsc-csem.org/Earthquake_information/earthquake.php?id=20261004_0000255
2026,10,4,15,52,23.0,3.9,6.520000,126.430000,10,https://www.emsc-csem.org/Earthquake_information/earthquake.php?id=20261004_0000256
2026,10,4,15,48,8.9,2.5,39.177700,23.801400,10,https://www.emsc-csem.org/Earthquake_information/earthquake.php?id=20261004_0000257
2026,10,4,15,43,10.0,2.9,-25.980000,-66.620000,10,https://www.emsc-csem.org/Earthquake_information/earthquake.php?id=20261004_0000251
2026,10,4,15,42,10.0,3.5,-0.770000,122.470000,10,https://www.emsc-csem.org/Earthquake_information/earthquake.php?id=20261004_0000249
2026,10,4,15,38,26.0,3.1,6.510000,126.490000,10,https://www.emsc-csem.org/Earthquake_information/earthquake.php?id=20261004_0000250
2026,10,4,15,31,10.0,2.8,66.726000,-18.691000,10,https://www.emsc-csem.org/Earthquake_information/earthquake.php?id=20261004_0000248
2026,10,4,15,03,27.6,2.5,55.418000,-158.759000,10,https://earthquake.usgs.gov/earthquakes/eventpage/aka2026tqyehr
2026,10,4,15,02,7.1,2.8,37.719300,36.090700,10,https://www.emsc-csem.org/Earthquake_information/earthquake.php?id=20261004_0000236
2026,10,4,14,59,26.0,4.2,-9.727700,118.903300,10,https://www.emsc-csem.org/Earthquake_information/earthquake.php?id=20261004_0000233
2026,10,4,14,58,129.0,3.1,4.070000,125.770000,10,https://www.emsc-csem.org/Earthquake_information/earthquake.php?id=20261004_0000237
2026,10,4,14,47,37.0,3.8,-7.440000,106.720000,10,https://www.emsc-csem.org/Earthquake_information/earthquake.php?id=20261004_0000230
2026,10,4,14,47,95.5,2.7,-22.240000,-68.580000,10,https://www.emsc-csem.org/Earthquake_information/earthquake.php?id=20261004_0000229
2026,10,4,14,44,7.0,3.2,4.340000,125.020000,10,https://www.emsc-csem.org/Earthquake_information/earthquake.php?id=20261004_0000234
2026,10,4,14,42,16.0,2.8,35.930000,27.260000,10,https://www.emsc-csem.org/Earthquake_information/earthquake.php?id=20261004_0000399
2026,10,4,14,39,7.0,2.7,37.720200,36.062000,10,https://www.emsc-csem.org/Earthquake_information/earthquake.php?id=20261004_0000228
2026,10,4,14,17,10.0,3.1,-4.130000,128.710000,10,https://www.emsc-csem.org/Earthquake_information/earthquake.php?id=20261004_0000222
2026,10,4,14,14,10.0,3.3,-8.350000,121.540000,10,https://www.emsc-csem.org/Earthquake_information/earthquake.php?id=20261004_0000219
2026,10,4,14,12,195.9,2.9,-24.140000,-67.380000,10,https://www.emsc-csem.org/Earthquake_information/earthquake.php?id=20261004_0000221
2026,10,4,14,09,5.0,2.9,32.544200,-104.629500,10,https://www.emsc-csem.org/Earthquake_information/earthquake.php?id=20261004_0000246
2026,10,4,14,07,4.4,3.1,66.502000,-18.260000,10,https://www.emsc-csem.org/Earthquake_information/earthquake.php?id=20261004_0000218
2026,10,4,14,06,5.7,5.0,5.327300,-82.601100,10,https://www.emsc-csem.org/Earthquake_information/earthquake.php?id=20261004_0000216
2026,10,4,14,05,7.0,2.9,37.764200,36.104700,10,https://www.emsc-csem.org/Earthquake_information/earthquake.php?id=20261004_0000217
2026,10,4,13,59,22.0,3.0,-7.990000,120.900000,10,https://www.emsc-csem.org/Earthquake_information/earthquake.php?id=20261004_0000220
2026,10,4,13,58,34.0,2.8,12.240000,-87.490000,10,https://www.emsc-csem.org/Earthquake_information/earthquake.php?id=20261004_0000198
2026,10,4,13,57,51.9,4.4,-38.970000,-72.690000,10,https://www.emsc-csem.org/Earthquake_information/earthquake.php?id=20261004_0000197
2026,10,4,13,38,65.7,3.4,57.054400,-155.053000,10,https://www.emsc-csem.org/Earthquake_information/earthquake.php?id=20261004_0000191
2026,10,4,13,34,10.0,3.3,16.200000,119.530000,10,https://www.emsc-csem.org/Earthquake_information/earthquake.php?id=20261004_0000193
2026,10,4,13,29,7.0,2.5,37.752300,36.076000,10,https://www.emsc-csem.org/Earthquake_information/earthquake.php?id=20261004_0000192
2026,10,4,13,24,70.4,2.6,60.301000,-151.695000,10,https://earthquake.usgs.gov/earthquakes/eventpage/aka2026tquwqe
2026,10,4,13,13,10.0,3.7,66.679000,-18.690000,10,https://www.emsc-csem.org/Earthquake_information/earthquake.php?id=20261004_0000186
2026,10,4,13,11,93.4,2.5,-22.000000,-68.750000,10,https://www.emsc-csem.org/Earthquake_information/earthquake.php?id=20261004_0000184
2026,10,4,12,46,74.2,3.4,60.390300,-150.687200,10,https://www.emsc-csem.org/Earthquake_information/earthquake.php?id=20261004_0000177
2026,10,4,12,36,74.0,4.6,-9.280200,112.705400,10,https://www.emsc-csem.org/Earthquake_information/earthquake.php?id=20261004_0000179
2026,10,4,12,35,133.8,2.8,-21.520000,-68.600000,10,https://www.emsc-csem.org/Earthquake_information/earthquake.php?id=20261004_0000175
2026,10,4,12,29,126.4,3.0,-30.680000,-70.030000,10,https://www.emsc-csem.org/Earthquake_information/earthquake.php?id=20261004_0000173
2026,10,4,12,18,11.8,2.6,31.924000,-117.204300,10,https://www.emsc-csem.org/Earthquake_information/earthquake.php?id=20261004_0000167
2026,10,4,12,16,1.9,3.1,64.485000,-17.668000,10,https://www.emsc-csem.org/Earthquake_information/earthquake.php?id=20261004_0000170
2026,10,4,12,07,173.5,4.2,-21.393100,-67.621600,10,https://www.emsc-csem.org/Earthquake_information/earthquake.php?id=20261004_0000160
2026,10,4,12,04,30.0,3.6,23.066000,89.285300,10,https://www.emsc-csem.org/Earthquake_information/earthquake.php?id=20261004_0000223
2026,10,4,12,03,10.0,2.8,-9.620000,122.550000,10,https://www.emsc-csem.org/Earthquake_information/earthquake.php?id=20261004_0000171
2026,10,4,11,56,40.0,3.4,39.100000,142.100000,10,https://www.emsc-csem.org/Earthquake_information/earthquake.php?id=20261004_0000159
2026,10,4,11,52,33.0,3.4,-37.033400,178.037100,10,https://www.emsc-csem.org/Earthquake_information/earthquake.php?id=20261004_0000158
2026,10,4,11,46,35.2,2.7,-36.190000,-73.530000,10,https://www.emsc-csem.org/Earthquake_information/earthquake.php?id=20261004_0000157
2026,10,4,11,43,7.0,5.0,37.741700,36.100800,10,https://www.emsc-csem.org/Earthquake_information/earthquake.php?id=20261004_0000156
2026,10,4,11,36,8.7,4.6,37.760700,36.105000,10,https://www.emsc-csem.org/Earthquake_information/earthquake.php?id=20261004_0000153
2026,10,4,11,35,160.8,3.2,-23.470000,-67.000000,10,https://www.emsc-csem.org/Earthquake_information/earthquake.php?id=20261004_0000154
2026,10,4,11,28,7.0,3.1,37.741500,36.090300,10,https://www.emsc-csem.org/Earthquake_information/earthquake.php?id=20261004_0000148
2026,10,4,11,26,7.0,2.5,37.719500,36.076200,10,https://www.emsc-csem.org/Earthquake_information/earthquake.php?id=20261004_0000152
2026,10,4,11,22,10.0,3.9,-8.230000,120.470000,10,https://www.emsc-csem.org/Earthquake_information/earthquake.php?id=20261004_0000145
2026,10,4,11,19,8.0,4.7,37.748700,36.091000,10,https://www.emsc-csem.org/Earthquake_information/earthquake.php?id=20261004_0000144
2026,10,4,11,15,10.0,3.7,-8.190000,120.470000,10,https://www.emsc-csem.org/Earthquake_information/earthquake.php?id=20261004_0000141
2026,10,4,11,15,147.6,3.2,-24.310000,-67.350000,10,https://www.emsc-csem.org/Earthquake_information/earthquake.php?id=20261004_0000142
2026,10,4,11,12,8.8,5.1,22.845300,144.637200,10,https://www.emsc-csem.org/Earthquake_information/earthquake.php?id=20261004_0000143
2026,10,4,11,11,10.0,3.9,7.150000,127.060000,10,https://www.emsc-csem.org/Earthquake_information/earthquake.php?id=20261004_0000146
2026,10,4,11,09,160.0,4.6,-5.041800,151.421200,10,https://www.emsc-csem.org/Earthquake_information/earthquake.php?id=20261004_0000150
2026,10,4,11,09,10.0,4.1,15.957000,-98.841000,10,https://www.emsc-csem.org/Earthquake_information/earthquake.php?id=20261004_0000147
2026,10,4,10,57,222.3,3.3,-21.840000,-67.580000,10,https://www.emsc-csem.org/Earthquake_information/earthquake.php?id=20261004_0000139
2026,10,4,10,54,5.0,3.5,16.692000,-99.433000,10,https://www.emsc-csem.org/Earthquake_information/earthquake.php?id=20261004_0000201
2026,10,4,10,52,10.0,4.8,-8.242000,120.505900,10,https://www.emsc-csem.org/Earthquake_information/earthquake.php?id=20261004_0000140
2026,10,4,10,44,46.0,2.5,35.510000,25.270000,10,https://www.emsc-csem.org/Earthquake_information/earthquake.php?id=20261004_0000398
2026,10,4,10,39,126.3,3.7,16.453000,-91.639000,10,https://www.emsc-csem.org/Earthquake_information/earthquake.php?id=20261004_0000200
2026,10,4,10,22,10.0,3.5,19.080000,-73.280000,10,https://www.emsc-csem.org/Earthquake_information/earthquake.php?id=20261004_0000130
2026,10,4,10,13,10.0,5.0,-8.206900,120.479600,10,https://www.emsc-csem.org/Earthquake_information/earthquake.php?id=20261004_0000133
2026,10,4,09,59,115.8,3.0,-21.790000,-68.470000,10,https://www.emsc-csem.org/Earthquake_information/earthquake.php?id=20261004_0000129
2026,10,4,09,57,10.0,3.0,40.330000,76.880000,10,https://www.emsc-csem.org/Earthquake_information/earthquake.php?id=20261004_0000409
2026,10,4,09,53,58.0,2.5,-8.680000,115.860000,10,https://www.emsc-csem.org/Earthquake_information/earthquake.php?id=20261004_0000127
2026,10,4,09,48,14.0,3.1,-9.770000,118.930000,10,https://www.emsc-csem.org/Earthquake_information/earthquake.php?id=20261004_0000128
2026,10,4,09,45,103.0,4.4,-6.280000,131.610000,10,https://www.emsc-csem.org/Earthquake_information/earthquake.php?id=20261004_0000126
2026,10,4,09,13,0.8,2.9,67.400000,-157.345000,10,https://earthquake.usgs.gov/earthquakes/eventpage/aka2026tqmmzk
2026,10,4,09,05,125.4,2.9,-21.140000,-68.710000,10,https://www.emsc-csem.org/Earthquake_information/earthquake.php?id=20261004_0000120
2026,10,4,09,04,1.2,3.4,66.703000,-18.739000,10,https://www.emsc-csem.org/Earthquake_information/earthquake.php?id=20261004_0000121
2026,10,4,08,59,141.0,3.8,18.557100,-68.431100,10,https://www.emsc-csem.org/Earthquake_information/earthquake.php?id=20261004_0000123
2026,10,4,08,57,39.0,4.5,-3.050000,-80.300000,10,https://ultimosismo.igp.gob.pe/evento/2026-713
2026,10,4,08,53,27.1,3.8,15.650000,-96.114000,10,https://www.emsc-csem.org/Earthquake_information/earthquake.php?id=20261004_0000202
2026,10,4,08,49,13.8,3.2,16.365000,-98.284000,10,https://www.emsc-csem.org/Earthquake_information/earthquake.php?id=20261004_0000203
2026,10,4,08,47,6.0,3.1,14.010000,124.480000,10,https://www.emsc-csem.org/Earthquake_information/earthquake.php?id=20261004_0000119
2026,10,4,08,43,52.0,3.2,13.902000,-91.678000,10,https://www.emsc-csem.org/Earthquake_information/earthquake.php?id=20261004_0000115
2026,10,4,08,43,10.0,3.2,66.689000,-18.699000,10,https://www.emsc-csem.org/Earthquake_information/earthquake.php?id=20261004_0000118
2026,10,4,08,41,23.6,2.5,-33.730000,-72.080000,10,https://www.emsc-csem.org/Earthquake_information/earthquake.php?id=20261004_0000114
2026,10,4,08,30,10.0,3.0,-37.200000,-74.290000,10,https://www.emsc-csem.org/Earthquake_information/earthquake.php?id=20261004_0000110
2026,10,4,08,27,14.0,3.5,-9.840000,-75.540000,10,https://ultimosismo.igp.gob.pe/evento/2026-712
2026,10,4,08,21,103.1,3.6,-25.130000,-69.020000,10,https://www.emsc-csem.org/Earthquake_information/earthquake.php?id=20261004_0000107
2026,10,4,08,20,21.7,3.0,18.961800,-64.924000,10,https://www.emsc-csem.org/Earthquake_information/earthquake.php?id=20261004_0000169
2026,10,4,08,14,34.0,3.7,-4.340000,-81.310000,10,https://ultimosismo.igp.gob.pe/evento/2026-711
2026,10,4,08,11,9.5,3.4,19.093200,-64.520200,10,https://www.emsc-csem.org/Earthquake_information/earthquake.php?id=20261004_0000117
2026,10,4,08,10,10.0,4.0,-8.230000,120.470000,10,https://www.emsc-csem.org/Earthquake_information/earthquake.php?id=20261004_0000104
2026,10,4,08,09,124.7,3.4,45.514100,26.412200,10,https://www.emsc-csem.org/Earthquake_information/earthquake.php?id=20261004_0000102
2026,10,4,08,03,7.6,4.0,13.971000,-93.176000,10,https://www.emsc-csem.org/Earthquake_information/earthquake.php?id=20261004_0000204
2026,10,4,07,58,10.0,3.7,18.958000,-62.941000,10,https://www.emsc-csem.org/Earthquake_information/earthquake.php?id=20261004_0000098
2026,10,4,07,58,286.3,3.0,-23.010000,-67.610000,10,https://www.emsc-csem.org/Earthquake_information/earthquake.php?id=20261004_0000099
2026,10,4,07,56,10.0,4.5,-43.379500,-82.662600,10,https://www.emsc-csem.org/Earthquake_information/earthquake.php?id=20261004_0000414
2026,10,4,07,52,138.0,2.7,-28.200000,-67.490000,10,https://www.emsc-csem.org/Earthquake_information/earthquake.php?id=20261004_0000096
2026,10,4,07,47,118.7,3.5,16.894000,-94.879000,10,https://www.emsc-csem.org/Earthquake_information/earthquake.php?id=20261004_0000205
2026,10,4,07,46,250.4,2.7,-23.720000,-67.740000,10,https://www.emsc-csem.org/Earthquake_information/earthquake.php?id=20261004_0000095
2026,10,4,07,45,32.8,3.2,-39.066400,178.375900,10,https://www.emsc-csem.org/Earthquake_information/earthquake.php?id=20261004_0000093
2026,10,4,07,42,11.0,3.0,39.370000,24.350000,10,https://www.emsc-csem.org/Earthquake_information/earthquake.php?id=20261004_0000103
2026,10,4,07,35,138.0,3.1,5.600000,127.210000,10,https://www.emsc-csem.org/Earthquake_information/earthquake.php?id=20261004_0000094
2026,10,4,07,26,94.9,3.4,16.417000,-94.654000,10,https://www.emsc-csem.org/Earthquake_information/earthquake.php?id=20261004_0000206
2026,10,4,07,04,50.0,2.5,11.192000,-85.951000,10,https://www.emsc-csem.org/Earthquake_information/earthquake.php?id=20261004_0000091
2026,10,4,06,37,5.0,3.7,16.713000,-99.357000,10,https://www.emsc-csem.org/Earthquake_information/earthquake.php?id=20261004_0000207
2026,10,4,06,34,30.8,3.3,16.478000,-98.436000,10,https://www.emsc-csem.org/Earthquake_information/earthquake.php?id=20261004_0000208
2026,10,4,06,33,15.0,3.3,11.532000,-87.445000,10,https://www.emsc-csem.org/Earthquake_information/earthquake.php?id=20261004_0000086
2026,10,4,06,29,11.0,2.6,-8.060000,121.020000,10,https://www.emsc-csem.org/Earthquake_information/earthquake.php?id=20261004_0000084
2026,10,4,06,27,27.0,4.2,12.716000,-88.813000,10,https://www.emsc-csem.org/Earthquake_information/earthquake.php?id=20261004_0000087
2026,10,4,06,08,11.0,3.2,-8.270000,120.870000,10,https://www.emsc-csem.org/Earthquake_information/earthquake.php?id=20261004_0000085
2026,10,4,06,03,10.0,4.0,18.224000,-105.957000,10,https://www.emsc-csem.org/Earthquake_information/earthquake.php?id=20261004_0000209
2026,10,4,06,02,106.6,3.3,18.587000,-68.932000,10,https://www.emsc-csem.org/Earthquake_information/earthquake.php?id=20261004_0000138
2026,10,4,06,02,111.8,3.6,17.457000,-95.484000,10,https://www.emsc-csem.org/Earthquake_information/earthquake.php?id=20261004_0000210
2026,10,4,05,59,4.7,3.8,16.239000,-96.091000,10,https://www.emsc-csem.org/Earthquake_information/earthquake.php?id=20261004_0000211
2026,10,4,05,57,10.0,4.7,11.240000,139.340000,10,https://www.emsc-csem.org/Earthquake_information/earthquake.php?id=20261004_0000100
2026,10,4,05,55,60.0,4.6,21.388600,93.813400,10,https://www.emsc-csem.org/Earthquake_information/earthquake.php?id=20261004_0000081
2026,10,4,05,40,5.0,2.5,20.119000,72.945000,10,https://www.emsc-csem.org/Earthquake_information/earthquake.php?id=20261004_0000394
2026,10,4,05,36,35.6,2.5,-31.570000,-71.710000,10,https://www.emsc-csem.org/Earthquake_information/earthquake.php?id=20261004_0000077
2026,10,4,05,19,87.6,3.0,-27.940000,-69.360000,10,https://www.emsc-csem.org/Earthquake_information/earthquake.php?id=20261004_0000075
2026,10,4,05,17,144.8,3.9,-40.186300,173.972100,10,https://www.emsc-csem.org/Earthquake_information/earthquake.php?id=20261004_0000074
2026,10,4,04,54,236.3,3.2,-23.910000,-67.250000,10,https://www.emsc-csem.org/Earthquake_information/earthquake.php?id=20261004_0000071
2026,10,4,04,37,221.1,3.0,-24.050000,-67.500000,10,https://www.emsc-csem.org/Earthquake_information/earthquake.php?id=20261004_0000070
2026,10,4,04,31,90.1,2.6,62.045000,-151.258000,10,https://earthquake.usgs.gov/earthquakes/eventpage/aka2026tqdcgd
2026,10,4,04,31,230.7,2.8,-23.930000,-67.370000,10,https://www.emsc-csem.org/Earthquake_information/earthquake.php?id=20261004_0000067
2026,10,4,04,25,36.0,2.5,12.395000,-87.745000,10,https://www.emsc-csem.org/Earthquake_information/earthquake.php?id=20261004_0000068
2026,10,4,03,52,85.0,3.8,-11.110000,119.140000,10,https://www.emsc-csem.org/Earthquake_information/earthquake.php?id=20261004_0000061
2026,10,4,03,51,107.7,3.0,-19.500000,-69.170000,10,https://www.emsc-csem.org/Earthquake_information/earthquake.php?id=20261004_0000060
2026,10,4,03,37,128.6,2.8,-21.690000,-68.700000,10,https://www.emsc-csem.org/Earthquake_information/earthquake.php?id=20261004_0000058
2026,10,4,03,22,16.0,3.3,-9.720000,118.980000,10,https://www.emsc-csem.org/Earthquake_information/earthquake.php?id=20261004_0000056
2026,10,4,03,21,122.0,2.8,-21.200000,-68.830000,10,https://www.emsc-csem.org/Earthquake_information/earthquake.php?id=20261004_0000055
2026,10,4,03,14,7.6,2.5,17.958200,-66.953200,10,https://www.emsc-csem.org/Earthquake_information/earthquake.php?id=20261004_0000065
2026,10,4,03,10,16.9,3.2,18.816000,-64.461500,10,https://www.emsc-csem.org/Earthquake_information/earthquake.php?id=20261004_0000066
2026,10,4,03,08,9.6,3.3,18.843800,-64.487000,10,https://www.emsc-csem.org/Earthquake_information/earthquake.php?id=20261004_0000057
2026,10,4,03,05,114.6,3.1,45.536200,26.463000,10,https://www.emsc-csem.org/Earthquake_information/earthquake.php?id=20261004_0000052
2026,10,4,03,01,163.4,3.3,-23.960000,-67.270000,10,https://www.emsc-csem.org/Earthquake_information/earthquake.php?id=20261004_0000051
2026,10,4,02,55,10.0,3.3,38.790000,69.650000,10,https://www.emsc-csem.org/Earthquake_information/earthquake.php?id=20261004_0000408
2026,10,4,02,52,14.0,2.9,-9.780000,118.940000,10,https://www.emsc-csem.org/Earthquake_information/earthquake.php?id=20261004_0000048
2026,10,4,02,48,10.0,3.5,-9.910000,118.970000,10,https://www.emsc-csem.org/Earthquake_information/earthquake.php?id=20261004_0000049
2026,10,4,02,42,14.8,3.6,-38.060000,-74.050000,10,https://www.emsc-csem.org/Earthquake_information/earthquake.php?id=20261004_0000046
2026,10,4,02,41,31.0,2.9,-7.810000,120.360000,10,https://www.emsc-csem.org/Earthquake_information/earthquake.php?id=20261004_0000047
2026,10,4,02,30,191.7,3.2,-24.180000,-67.850000,10,https://www.emsc-csem.org/Earthquake_information/earthquake.php?id=20261004_0000042
2026,10,4,02,16,31.0,3.0,34.732000,25.489300,10,https://www.emsc-csem.org/Earthquake_information/earthquake.php?id=20261004_0000044
2026,10,4,02,14,16.1,4.2,14.173000,-94.051000,10,https://www.emsc-csem.org/Earthquake_information/earthquake.php?id=20261004_0000043
2026,10,4,02,12,6.0,3.1,40.530000,22.520000,10,https://www.emsc-csem.org/Earthquake_information/earthquake.php?id=20261004_0000040
2026,10,4,01,58,30.0,3.5,62.008800,-149.138100,10,https://www.emsc-csem.org/Earthquake_information/earthquake.php?id=20261004_0000032
2026,10,4,01,49,10.0,3.0,-9.740000,118.990000,10,https://www.emsc-csem.org/Earthquake_information/earthquake.php?id=20261004_0000029
2026,10,4,01,48,52.0,3.5,24.059000,93.744000,10,https://www.emsc-csem.org/Earthquake_information/earthquake.php?id=20261004_0000039
2026,10,4,01,47,10.0,4.9,-58.159400,-23.352200,10,https://www.emsc-csem.org/Earthquake_information/earthquake.php?id=20261004_0000054
2026,10,4,01,45,10.0,3.0,-8.190000,120.500000,10,https://www.emsc-csem.org/Earthquake_information/earthquake.php?id=20261004_0000030
2026,10,4,01,44,120.0,3.6,-20.610000,-69.110000,10,https://www.emsc-csem.org/Earthquake_information/earthquake.php?id=20261004_0000028
2026,10,4,01,39,5.0,2.9,58.494800,-137.341900,10,https://www.emsc-csem.org/Earthquake_information/earthquake.php?id=20261004_0000413
2026,10,4,01,38,72.0,4.9,-6.541900,147.107400,10,https://www.emsc-csem.org/Earthquake_information/earthquake.php?id=20261004_0000031
2026,10,4,01,38,11.0,3.3,-9.700000,118.960000,10,https://www.emsc-csem.org/Earthquake_information/earthquake.php?id=20261004_0000026
2026,10,4,01,35,10.0,2.9,11.465000,-87.507000,10,https://www.emsc-csem.org/Earthquake_information/earthquake.php?id=20261004_0000037
2026,10,4,01,32,18.0,4.0,-9.660000,118.980000,10,https://www.emsc-csem.org/Earthquake_information/earthquake.php?id=20261004_0000027
2026,10,4,01,31,32.0,3.9,-7.300000,106.740000,10,https://www.emsc-csem.org/Earthquake_information/earthquake.php?id=20261004_0000023
2026,10,4,01,28,15.0,3.6,-9.750000,118.910000,10,https://www.emsc-csem.org/Earthquake_information/earthquake.php?id=20261004_0000024
2026,10,4,01,21,0.0,2.9,38.840000,72.080000,10,https://www.emsc-csem.org/Earthquake_information/earthquake.php?id=20261004_0000406
2026,10,4,01,05,12.0,3.3,-9.820000,118.940000,10,https://www.emsc-csem.org/Earthquake_information/earthquake.php?id=20261004_0000020
2026,10,4,01,01,39.0,3.8,12.730000,-88.891000,10,https://www.emsc-csem.org/Earthquake_information/earthquake.php?id=20261004_0000019
2026,10,4,00,58,12.0,3.2,-9.790000,119.000000,10,https://www.emsc-csem.org/Earthquake_information/earthquake.php?id=20261004_0000017
2026,10,4,00,55,14.0,3.4,-9.870000,118.970000,10,https://www.emsc-csem.org/Earthquake_information/earthquake.php?id=20261004_0000018
2026,10,4,00,48,6.0,4.3,35.260000,24.760000,10,https://www.emsc-csem.org/Earthquake_information/earthquake.php?id=20261004_0000014
2026,10,4,00,44,11.0,3.5,-9.830000,118.970000,10,https://www.emsc-csem.org/Earthquake_information/earthquake.php?id=20261004_0000015
2026,10,4,00,42,10.0,3.6,78.757000,4.860000,10,https://www.emsc-csem.org/Earthquake_information/earthquake.php?id=20261004_0000396
2026,10,4,00,40,4.4,3.3,63.962000,-21.841000,10,https://www.emsc-csem.org/Earthquake_information/earthquake.php?id=20261004_0000013
2026,10,4,00,30,73.1,3.0,18.037000,-68.406000,10,https://www.emsc-csem.org/Earthquake_information/earthquake.php?id=20261004_0000111
2026,10,4,00,28,38.3,3.0,-40.583100,174.220700,10,https://www.emsc-csem.org/Earthquake_information/earthquake.php?id=20261004_0000009
2026,10,4,00,24,17.0,2.8,1.340000,126.860000,10,https://www.emsc-csem.org/Earthquake_information/earthquake.php?id=20261004_0000010
2026,10,4,00,23,62.5,2.6,-31.740000,-71.210000,10,https://www.emsc-csem.org/Earthquake_information/earthquake.php?id=20261004_0000008
2026,10,4,00,16,5.6,2.7,37.390200,44.321800,10,https://www.emsc-csem.org/Earthquake_information/earthquake.php?id=20261004_0000005
2026,10,4,00,14,11.8,3.5,-36.180000,-73.470000,10,https://www.emsc-csem.org/Earthquake_information/earthquake.php?id=20261004_0000004
2026,10,4,00,08,105.0,2.8,-22.380000,-68.660000,10,https://www.emsc-csem.org/Earthquake_information/earthquake.php?id=20261004_0000002
2026,10,4,00,06,9.0,3.9,7.861500,-82.951300,10,https://www.emsc-csem.org/Earthquake_information/earthquake.php?id=20261004_0000003
2026,10,4,00,00,29.0,3.3,12.442000,-87.815000,10,https://www.emsc-csem.org/Earthquake_information/earthquake.php?id=20261004_0000001
2026,10,3,23,45,50.0,3.9,24.800000,125.400000,10,https://www.emsc-csem.org/Earthquake_information/earthquake.php?id=20261003_0000283
2026,10,3,23,37,55.6,5.3,4.729400,95.167400,10,https://www.emsc-csem.org/Earthquake_information/earthquake.php?id=20261003_0000282
2026,10,3,23,29,13.0,3.8,-9.780000,118.900000,10,https://www.emsc-csem.org/Earthquake_information/earthquake.php?id=20261003_0000280
2026,10,3,23,14,47.0,4.3,51.141200,157.861000,10,https://www.emsc-csem.org/Earthquake_information/earthquake.php?id=20261003_0000288
2026,10,3,23,14,545.0,4.5,3.629400,122.899800,10,https://www.emsc-csem.org/Earthquake_information/earthquake.php?id=20261003_0000277
2026,10,3,23,12,15.0,3.5,-9.850000,118.870000,10,https://www.emsc-csem.org/Earthquake_information/earthquake.php?id=20261003_0000276
2026,10,3,23,02,281.1,3.4,-37.955900,174.964200,10,https://www.emsc-csem.org/Earthquake_information/earthquake.php?id=20261003_0000272
2026,10,3,22,59,20.0,2.9,-29.730000,-72.730000,10,https://www.emsc-csem.org/Earthquake_information/earthquake.php?id=20261003_0000273
2026,10,3,22,55,33.7,5.9,-9.597900,118.877700,10,https://www.emsc-csem.org/Earthquake_information/earthquake.php?id=20261003_0000270
2026,10,3,22,48,10.0,3.1,54.547300,-156.889700,10,https://www.emsc-csem.org/Earthquake_information/earthquake.php?id=20261003_0000269
2026,10,3,22,35,30.1,3.2,-41.570000,-74.260000,10,https://www.emsc-csem.org/Earthquake_information/earthquake.php?id=20261003_0000268
2026,10,3,22,29,10.0,2.6,9.412200,-83.777900,10,https://www.emsc-csem.org/Earthquake_information/earthquake.php?id=20261003_0000275
2026,10,3,22,27,10.0,4.3,29.053000,142.812300,10,https://www.emsc-csem.org/Earthquake_information/earthquake.php?id=20261003_0000287
2026,10,3,21,56,9.0,3.1,9.444000,-83.736000,10,https://www.emsc-csem.org/Earthquake_information/earthquake.php?id=20261003_0000266
2026,10,3,21,56,9.0,3.4,26.700000,104.200000,10,https://www.emsc-csem.org/Earthquake_information/earthquake.php?id=20261003_0000265
2026,10,3,21,44,0.0,3.0,63.635000,-19.088000,10,https://www.emsc-csem.org/Earthquake_information/earthquake.php?id=20261003_0000263
2026,10,3,21,37,102.0,3.4,16.975000,-95.082000,10,https://www.emsc-csem.org/Earthquake_information/earthquake.php?id=20261003_0000289
2026,10,3,21,27,0.0,2.9,63.642000,-19.100000,10,https://www.emsc-csem.org/Earthquake_information/earthquake.php?id=20261003_0000259
2026,10,3,21,25,24.9,3.6,51.667000,-173.357000,10,https://www.emsc-csem.org/Earthquake_information/earthquake.php?id=20261003_0000279
2026,10,3,21,15,20.0,3.9,-38.470000,-75.100000,10,https://www.emsc-csem.org/Earthquake_information/earthquake.php?id=20261003_0000256
2026,10,3,21,14,5.0,2.7,65.722800,-155.208500,10,https://www.emsc-csem.org/Earthquake_information/earthquake.php?id=20261003_0000262
2026,10,3,21,13,78.1,3.9,18.381000,-101.076000,10,https://www.emsc-csem.org/Earthquake_information/earthquake.php?id=20261003_0000290
2026,10,3,21,06,49.8,2.5,55.976000,-158.022000,10,https://earthquake.usgs.gov/earthquakes/eventpage/aka2026tpogqq
2026,10,3,21,05,181.6,3.3,-36.049000,178.113500,10,https://www.emsc-csem.org/Earthquake_information/earthquake.php?id=20261003_0000253
2026,10,3,21,04,108.0,3.7,6.060000,126.950000,10,https://www.emsc-csem.org/Earthquake_information/earthquake.php?id=20261003_0000258
2026,10,3,21,04,126.5,2.8,-21.650000,-68.640000,10,https://www.emsc-csem.org/Earthquake_information/earthquake.php?id=20261003_0000252
2026,10,3,20,52,119.2,3.1,-21.180000,-68.890000,10,https://www.emsc-csem.org/Earthquake_information/earthquake.php?id=20261003_0000250
2026,10,3,20,50,10.0,3.2,-2.260000,119.090000,10,https://www.emsc-csem.org/Earthquake_information/earthquake.php?id=20261003_0000254
2026,10,3,20,49,57.2,3.4,16.993000,-98.675000,10,https://www.emsc-csem.org/Earthquake_information/earthquake.php?id=20261003_0000291
2026,10,3,20,46,7.8,2.5,31.655000,-104.283000,10,https://www.emsc-csem.org/Earthquake_information/earthquake.php?id=20261003_0000311
2026,10,3,20,42,10.0,4.1,14.261000,-93.512000,10,https://www.emsc-csem.org/Earthquake_information/earthquake.php?id=20261003_0000251
2026,10,3,20,38,200.8,2.5,-22.340000,-67.990000,10,https://www.emsc-csem.org/Earthquake_information/earthquake.php?id=20261003_0000247
2026,10,3,20,38,14.0,3.3,9.571300,-84.839300,10,https://www.emsc-csem.org/Earthquake_information/earthquake.php?id=20261003_0000255
2026,10,3,20,36,27.3,3.4,16.039000,-97.656000,10,https://www.emsc-csem.org/Earthquake_information/earthquake.php?id=20261003_0000292
2026,10,3,20,33,18.0,4.5,14.401500,-93.205700,10,https://www.emsc-csem.org/Earthquake_information/earthquake.php?id=20261003_0000249
2026,10,3,20,27,8.2,2.5,38.091700,38.416200,10,https://www.emsc-csem.org/Earthquake_information/earthquake.php?id=20261003_0000246
2026,10,3,20,24,163.7,2.5,38.783700,15.582500,10,https://www.emsc-csem.org/Earthquake_information/earthquake.php?id=20261003_0000245
2026,10,3,20,07,40.9,3.4,19.251000,-104.311000,10,https://www.emsc-csem.org/Earthquake_information/earthquake.php?id=20261003_0000293
2026,10,3,20,01,5.0,2.5,19.602000,76.975000,10,https://www.emsc-csem.org/Earthquake_information/earthquake.php?id=20261003_0000243
2026,10,3,20,00,10.0,5.1,51.732300,159.552700,10,https://www.emsc-csem.org/Earthquake_information/earthquake.php?id=20261003_0000241
2026,10,3,19,53,64.7,3.2,17.129000,-94.669000,10,https://www.emsc-csem.org/Earthquake_information/earthquake.php?id=20261003_0000294
2026,10,3,19,46,6.0,2.5,22.860000,79.504000,10,https://www.emsc-csem.org/Earthquake_information/earthquake.php?id=20261003_0000239
2026,10,3,19,44,125.6,3.4,17.452000,-94.980000,10,https://www.emsc-csem.org/Earthquake_information/earthquake.php?id=20261003_0000295
2026,10,3,19,42,50.5,3.9,14.783000,-94.166000,10,https://www.emsc-csem.org/Earthquake_information/earthquake.php?id=20261003_0000296
2026,10,3,19,33,273.2,2.6,39.068500,15.497800,10,https://www.emsc-csem.org/Earthquake_information/earthquake.php?id=20261003_0000238
2026,10,3,19,30,10.0,4.4,51.430000,159.830000,10,https://www.emsc-csem.org/Earthquake_information/earthquake.php?id=20261003_0000240
2026,10,3,19,27,30.0,3.8,23.757000,91.995000,10,https://www.emsc-csem.org/Earthquake_information/earthquake.php?id=20261003_0000237
2026,10,3,19,27,116.2,3.2,16.826000,-94.510000,10,https://www.emsc-csem.org/Earthquake_information/earthquake.php?id=20261003_0000297
2026,10,3,19,27,136.0,3.3,-2.440000,101.940000,10,https://www.emsc-csem.org/Earthquake_information/earthquake.php?id=20261003_0000242
2026,10,3,19,26,10.0,3.9,-8.190000,120.470000,10,https://www.emsc-csem.org/Earthquake_information/earthquake.php?id=20261003_0000236
2026,10,3,19,08,139.0,3.6,16.893000,-94.163000,10,https://www.emsc-csem.org/Earthquake_information/earthquake.php?id=20261003_0000298
2026,10,3,18,53,31.0,3.7,-1.300000,-80.520000,10,https://www.emsc-csem.org/Earthquake_information/earthquake.php?id=20261003_0000232
2026,10,3,18,35,34.9,2.8,-22.960000,-70.500000,10,https://www.emsc-csem.org/Earthquake_information/earthquake.php?id=20261003_0000229
2026,10,3,18,28,15.0,3.9,4.990000,127.000000,10,https://www.emsc-csem.org/Earthquake_information/earthquake.php?id=20261003_0000227
2026,10,3,18,13,17.6,4.9,22.700100,92.886000,10,https://www.emsc-csem.org/Earthquake_information/earthquake.php?id=20261003_0000223
2026,10,3,18,12,35.0,4.9,20.660600,93.409700,10,https://www.emsc-csem.org/Earthquake_information/earthquake.php?id=20261003_0000225
2026,10,3,17,53,10.0,3.6,-8.000000,120.390000,10,https://www.emsc-csem.org/Earthquake_information/earthquake.php?id=20261003_0000218
2026,10,3,17,36,0.0,3.2,40.832300,1.545800,10,https://www.emsc-csem.org/Earthquake_information/earthquake.php?id=20261003_0000213
2026,10,3,17,34,68.0,3.8,0.590000,-79.210000,10,https://www.emsc-csem.org/Earthquake_information/earthquake.php?id=20261003_0000212
2026,10,3,17,33,11.9,2.6,38.294200,23.318000,10,https://www.emsc-csem.org/Earthquake_information/earthquake.php?id=20261003_0000219
2026,10,3,17,24,86.0,4.6,-6.039900,147.131000,10,https://www.emsc-csem.org/Earthquake_information/earthquake.php?id=20261003_0000217
2026,10,3,17,20,65.5,2.8,57.850200,-154.676500,10,https://www.emsc-csem.org/Earthquake_information/earthquake.php?id=20261003_0000214
2026,10,3,17,16,15.0,2.5,42.660000,74.890000,10,https://www.emsc-csem.org/Earthquake_information/earthquake.php?id=20261003_0000316
2026,10,3,17,05,0.0,3.1,37.193600,-3.672400,10,https://www.emsc-csem.org/Earthquake_information/earthquake.php?id=20261003_0000209
2026,10,3,16,45,15.0,2.5,41.080000,20.139000,10,https://www.emsc-csem.org/Earthquake_information/earthquake.php?id=20261003_0000207
2026,10,3,16,36,54.0,4.1,18.244000,-100.384000,10,https://www.emsc-csem.org/Earthquake_information/earthquake.php?id=20261003_0000210
2026,10,3,16,22,5.6,2.7,-38.395600,145.871300,10,https://www.emsc-csem.org/Earthquake_information/earthquake.php?id=20261003_0000200
2026,10,3,16,21,118.0,3.7,6.040000,125.880000,10,https://www.emsc-csem.org/Earthquake_information/earthquake.php?id=20261003_0000203
2026,10,3,16,06,15.0,4.3,51.577000,-175.218000,10,https://www.emsc-csem.org/Earthquake_information/earthquake.php?id=20261003_0000224
2026,10,3,16,03,81.2,3.3,18.337200,-64.165200,10,https://www.emsc-csem.org/Earthquake_information/earthquake.php?id=20261003_0000198
2026,10,3,15,57,15.3,3.5,15.446000,-98.266000,10,https://www.emsc-csem.org/Earthquake_information/earthquake.php?id=20261003_0000299
2026,10,3,15,53,30.0,3.3,-29.710000,-72.780000,10,https://www.emsc-csem.org/Earthquake_information/earthquake.php?id=20261003_0000195
2026,10,3,15,51,10.0,3.7,0.600000,125.680000,10,https://www.emsc-csem.org/Earthquake_information/earthquake.php?id=20261003_0000194
2026,10,3,15,30,23.0,3.2,13.760000,-91.295000,10,https://www.emsc-csem.org/Earthquake_information/earthquake.php?id=20261003_0000192
2026,10,3,15,28,5.0,4.0,-38.679200,176.752200,10,https://www.emsc-csem.org/Earthquake_information/earthquake.php?id=20261003_0000191
2026,10,3,15,27,134.0,2.8,-21.530000,-68.630000,10,https://www.emsc-csem.org/Earthquake_information/earthquake.php?id=20261003_0000189
2026,10,3,15,25,6.0,2.7,36.904700,-110.743200,10,https://www.emsc-csem.org/Earthquake_information/earthquake.php?id=20261003_0000308
2026,10,3,15,03,10.2,3.5,19.093700,-68.742500,10,https://www.emsc-csem.org/Earthquake_information/earthquake.php?id=20261003_0000188
2026,10,3,14,51,207.9,2.7,-23.780000,-67.210000,10,https://www.emsc-csem.org/Earthquake_information/earthquake.php?id=20261003_0000185
2026,10,3,14,49,108.0,4.4,-6.227500,130.400100,10,https://www.emsc-csem.org/Earthquake_information/earthquake.php?id=20261003_0000206
2026,10,3,14,48,78.0,2.6,-8.180000,120.610000,10,https://www.emsc-csem.org/Earthquake_information/earthquake.php?id=20261003_0000184
2026,10,3,14,47,1.0,2.7,50.088700,19.320100,10,https://www.emsc-csem.org/Earthquake_information/earthquake.php?id=20261003_0000196
2026,10,3,14,46,218.8,2.7,-23.120000,-66.910000,10,https://www.emsc-csem.org/Earthquake_information/earthquake.php?id=20261003_0000187
2026,10,3,14,25,117.7,3.0,-21.230000,-68.990000,10,https://www.emsc-csem.org/Earthquake_information/earthquake.php?id=20261003_0000181
2026,10,3,14,23,83.0,2.7,-8.350000,120.350000,10,https://www.emsc-csem.org/Earthquake_information/earthquake.php?id=20261003_0000180
2026,10,3,14,08,10.0,4.1,-10.800000,110.380000,10,https://www.emsc-csem.org/Earthquake_information/earthquake.php?id=20261003_0000177
2026,10,3,13,58,5.0,3.2,38.963900,-115.304600,10,https://www.emsc-csem.org/Earthquake_information/earthquake.php?id=20261003_0000160
2026,10,3,13,51,453.5,4.5,-27.494800,-179.482700,10,https://www.emsc-csem.org/Earthquake_information/earthquake.php?id=20261003_0000178
2026,10,3,13,46,60.0,3.3,-3.790000,101.650000,10,https://www.emsc-csem.org/Earthquake_information/earthquake.php?id=20261003_0000158
2026,10,3,13,36,18.2,2.7,47.478600,7.757500,10,https://www.emsc-csem.org/Earthquake_information/earthquake.php?id=20261003_0000156
2026,10,3,13,33,7.4,2.9,18.455200,-67.386000,10,https://www.emsc-csem.org/Earthquake_information/earthquake.php?id=20261003_0000161
2026,10,3,13,26,10.0,3.4,-8.330000,121.300000,10,https://www.emsc-csem.org/Earthquake_information/earthquake.php?id=20261003_0000155
2026,10,3,13,24,5.0,2.9,24.087000,74.725000,10,https://www.emsc-csem.org/Earthquake_information/earthquake.php?id=20261003_0000162
2026,10,3,13,17,11.0,3.5,4.790000,125.170000,10,https://www.emsc-csem.org/Earthquake_information/earthquake.php?id=20261003_0000153
2026,10,3,13,15,20.0,3.0,8.230000,123.360000,10,https://www.emsc-csem.org/Earthquake_information/earthquake.php?id=20261003_0000154
2026,10,3,13,03,15.0,4.0,-1.060000,98.800000,10,https://www.emsc-csem.org/Earthquake_information/earthquake.php?id=20261003_0000149
2026,10,3,13,02,5.0,2.6,18.933000,73.079000,10,https://www.emsc-csem.org/Earthquake_information/earthquake.php?id=20261003_0000157
2026,10,3,12,58,30.0,2.5,-33.280000,-72.100000,10,https://www.emsc-csem.org/Earthquake_information/earthquake.php?id=20261003_0000150
2026,10,3,12,42,10.0,3.4,29.629000,92.483000,10,https://www.emsc-csem.org/Earthquake_information/earthquake.php?id=20261003_0000148
2026,10,3,12,22,5.0,2.7,25.601000,93.373000,10,https://www.emsc-csem.org/Earthquake_information/earthquake.php?id=20261003_0000152
2026,10,3,12,07,190.8,2.6,-24.150000,-67.220000,10,https://www.emsc-csem.org/Earthquake_information/earthquake.php?id=20261003_0000146
2026,10,3,11,52,179.3,3.5,-37.997200,176.223800,10,https://www.emsc-csem.org/Earthquake_information/earthquake.php?id=20261003_0000202
2026,10,3,11,49,33.6,2.9,-19.100000,-70.070000,10,https://www.emsc-csem.org/Earthquake_information/earthquake.php?id=20261003_0000141
2026,10,3,11,29,1.0,3.1,41.320000,74.170000,10,https://www.emsc-csem.org/Earthquake_information/earthquake.php?id=20261003_0000315
2026,10,3,11,19,14.0,3.2,-7.960000,120.920000,10,https://www.emsc-csem.org/Earthquake_information/earthquake.php?id=20261003_0000137
2026,10,3,11,14,86.7,2.8,-22.710000,-69.130000,10,https://www.emsc-csem.org/Earthquake_information/earthquake.php?id=20261003_0000135
2026,10,3,11,11,124.0,2.8,-21.900000,-68.640000,10,https://www.emsc-csem.org/Earthquake_information/earthquake.php?id=20261003_0000134
2026,10,3,11,08,13.0,3.6,18.184000,-71.273000,10,https://www.emsc-csem.org/Earthquake_information/earthquake.php?id=20261003_0000138
2026,10,3,11,05,230.0,4.4,-5.569300,148.331600,10,https://www.emsc-csem.org/Earthquake_information/earthquake.php?id=20261003_0000133
2026,10,3,10,59,104.0,2.9,-31.757000,-68.314000,10,https://www.emsc-csem.org/Earthquake_information/earthquake.php?id=20261003_0000131
2026,10,3,10,58,7.6,3.3,16.980000,-100.112000,10,https://www.emsc-csem.org/Earthquake_information/earthquake.php?id=20261003_0000163
2026,10,3,10,57,9.1,3.4,16.250000,-98.232000,10,https://www.emsc-csem.org/Earthquake_information/earthquake.php?id=20261003_0000164
2026,10,3,10,55,10.0,4.5,51.580000,159.940000,10,https://www.emsc-csem.org/Earthquake_information/earthquake.php?id=20261003_0000142
2026,10,3,10,54,6.0,3.5,37.072000,-24.836000,10,https://www.emsc-csem.org/Earthquake_information/earthquake.php?id=20261003_0000128
2026,10,3,10,53,8.4,3.7,18.326000,-102.321000,10,https://www.emsc-csem.org/Earthquake_information/earthquake.php?id=20261003_0000165
2026,10,3,10,49,30.0,3.8,14.665000,-93.195000,10,https://www.emsc-csem.org/Earthquake_information/earthquake.php?id=20261003_0000166
2026,10,3,10,44,72.4,3.4,18.677000,-101.471000,10,https://www.emsc-csem.org/Earthquake_information/earthquake.php?id=20261003_0000167
2026,10,3,10,39,27.3,3.3,16.034000,-97.584000,10,https://www.emsc-csem.org/Earthquake_information/earthquake.php?id=20261003_0000168
2026,10,3,10,38,61.6,3.3,18.206000,-100.785000,10,https://www.emsc-csem.org/Earthquake_information/earthquake.php?id=20261003_0000169
2026,10,3,10,35,6.0,3.9,18.446100,-67.397800,10,https://www.emsc-csem.org/Earthquake_information/earthquake.php?id=20261003_0000125
2026,10,3,10,27,163.0,2.9,-8.400000,115.850000,10,https://www.emsc-csem.org/Earthquake_information/earthquake.php?id=20261003_0000124
2026,10,3,10,08,87.0,3.6,-0.470000,99.880000,10,https://www.emsc-csem.org/Earthquake_information/earthquake.php?id=20261003_0000120
2026,10,3,10,04,56.7,3.2,56.352900,-156.367100,10,https://www.emsc-csem.org/Earthquake_information/earthquake.php?id=20261003_0000113
2026,10,3,10,04,5.0,3.6,15.972000,-98.354000,10,https://www.emsc-csem.org/Earthquake_information/earthquake.php?id=20261003_0000170
2026,10,3,10,03,14.0,3.1,-8.280000,120.740000,10,https://www.emsc-csem.org/Earthquake_information/earthquake.php?id=20261003_0000116
2026,10,3,10,02,10.0,4.2,52.026500,160.615600,10,https://www.emsc-csem.org/Earthquake_information/earthquake.php?id=20261003_0000121
2026,10,3,10,02,26.0,3.1,11.297000,-87.510000,10,https://www.emsc-csem.org/Earthquake_information/earthquake.php?id=20261003_0000117
2026,10,3,10,02,10.0,2.5,-26.217000,27.813000,10,https://www.emsc-csem.org/Earthquake_information/earthquake.php?id=20261003_0000114
2026,10,3,09,56,6.9,3.4,16.970000,-99.808000,10,https://www.emsc-csem.org/Earthquake_information/earthquake.php?id=20261003_0000171
2026,10,3,09,48,24.0,3.3,11.389000,-87.528000,10,https://www.emsc-csem.org/Earthquake_information/earthquake.php?id=20261003_0000109
2026,10,3,09,37,47.0,4.4,11.569100,-87.237900,10,https://www.emsc-csem.org/Earthquake_information/earthquake.php?id=20261003_0000104
2026,10,3,09,32,12.0,3.1,7.050000,125.780000,10,https://www.emsc-csem.org/Earthquake_information/earthquake.php?id=20261003_0000106
2026,10,3,09,25,14.0,3.8,-8.050000,120.920000,10,https://www.emsc-csem.org/Earthquake_information/earthquake.php?id=20261003_0000101
2026,10,3,09,22,10.0,3.9,-7.910000,120.920000,10,https://www.emsc-csem.org/Earthquake_information/earthquake.php?id=20261003_0000102
2026,10,3,09,18,21.2,3.0,19.019200,-65.189700,10,https://www.emsc-csem.org/Earthquake_information/earthquake.php?id=20261003_0000122
2026,10,3,09,16,86.1,3.3,-28.620000,-70.280000,10,https://www.emsc-csem.org/Earthquake_information/earthquake.php?id=20261003_0000099
2026,10,3,09,15,123.5,3.6,17.811000,-95.265000,10,https://www.emsc-csem.org/Earthquake_information/earthquake.php?id=20261003_0000172
2026,10,3,09,14,33.0,4.4,-49.722300,163.796100,10,https://www.emsc-csem.org/Earthquake_information/earthquake.php?id=20261003_0000098
2026,10,3,09,09,145.4,3.0,-23.310000,-68.010000,10,https://www.emsc-csem.org/Earthquake_information/earthquake.php?id=20261003_0000097
2026,10,3,09,01,15.0,3.7,14.495000,-92.816000,10,https://www.emsc-csem.org/Earthquake_information/earthquake.php?id=20261003_0000173
2026,10,3,09,00,0.0,2.7,35.130000,23.080000,10,https://www.emsc-csem.org/Earthquake_information/earthquake.php?id=20261003_0000129
2026,10,3,08,57,10.0,4.0,16.449000,-90.595000,10,https://www.emsc-csem.org/Earthquake_information/earthquake.php?id=20261003_0000174
2026,10,3,08,54,102.2,3.5,-35.550000,-70.970000,10,https://www.emsc-csem.org/Earthquake_information/earthquake.php?id=20261003_0000096
2026,10,3,08,52,30.0,3.4,15.889000,-95.194000,10,https://www.emsc-csem.org/Earthquake_information/earthquake.php?id=20261003_0000175
2026,10,3,08,46,16.1,3.3,18.625000,-104.394000,10,https://www.emsc-csem.org/Earthquake_information/earthquake.php?id=20261003_0000176
2026,10,3,08,36,34.0,3.5,-30.775800,-71.336500,10,https://www.emsc-csem.org/Earthquake_information/earthquake.php?id=20261003_0000094
2026,10,3,08,31,11.8,3.2,38.712600,20.620900,10,https://www.emsc-csem.org/Earthquake_information/earthquake.php?id=20261003_0000095
2026,10,3,08,10,112.0,3.4,-28.320000,-68.040000,10,https://www.emsc-csem.org/Earthquake_information/earthquake.php?id=20261003_0000093
2026,10,3,07,59,212.0,3.1,-24.140000,-67.550000,10,https://www.emsc-csem.org/Earthquake_information/earthquake.php?id=20261003_0000092
2026,10,3,07,52,60.0,4.6,51.660000,159.620000,10,https://www.emsc-csem.org/Earthquake_information/earthquake.php?id=20261003_0000103
2026,10,3,07,41,231.5,3.1,-23.740000,-67.120000,10,https://www.emsc-csem.org/Earthquake_information/earthquake.php?id=20261003_0000091
2026,10,3,07,38,24.0,3.4,-7.800000,106.530000,10,https://www.emsc-csem.org/Earthquake_information/earthquake.php?id=20261003_0000088
2026,10,3,07,34,14.0,2.8,-7.820000,120.610000,10,https://www.emsc-csem.org/Earthquake_information/earthquake.php?id=20261003_0000089
2026,10,3,07,29,13.0,3.4,-7.860000,120.700000,10,https://www.emsc-csem.org/Earthquake_information/earthquake.php?id=20261003_0000090
2026,10,3,07,25,23.0,4.2,13.127000,-89.841000,10,https://www.emsc-csem.org/Earthquake_information/earthquake.php?id=20261003_0000087
2026,10,3,07,15,10.0,3.8,-7.850000,120.910000,10,https://www.emsc-csem.org/Earthquake_information/earthquake.php?id=20261003_0000085
2026,10,3,07,13,10.0,2.8,-8.210000,121.010000,10,https://www.emsc-csem.org/Earthquake_information/earthquake.php?id=20261003_0000086
2026,10,3,07,12,10.0,3.0,56.038900,-149.220400,10,https://www.emsc-csem.org/Earthquake_information/earthquake.php?id=20261003_0000083
2026,10,3,07,11,10.0,3.1,35.350000,99.560000,10,https://www.emsc-csem.org/Earthquake_information/earthquake.php?id=20261003_0000082
2026,10,3,07,06,10.0,3.9,-7.990000,120.910000,10,https://www.emsc-csem.org/Earthquake_information/earthquake.php?id=20261003_0000081
2026,10,3,06,58,12.3,2.7,38.892500,-120.072500,10,https://www.emsc-csem.org/Earthquake_information/earthquake.php?id=20261003_0000077
2026,10,3,06,54,10.0,3.7,-6.490000,104.090000,10,https://www.emsc-csem.org/Earthquake_information/earthquake.php?id=20261003_0000078
2026,10,3,06,52,113.4,2.9,-20.880000,-69.160000,10,https://www.emsc-csem.org/Earthquake_information/earthquake.php?id=20261003_0000075
2026,10,3,06,49,103.0,2.5,-23.520000,-68.710000,10,https://www.emsc-csem.org/Earthquake_information/earthquake.php?id=20261003_0000076
2026,10,3,06,49,15.0,3.1,7.715800,-81.293700,10,https://www.emsc-csem.org/Earthquake_information/earthquake.php?id=20261003_0000307
2026,10,3,06,21,10.0,3.8,-7.890000,120.900000,10,https://www.emsc-csem.org/Earthquake_information/earthquake.php?id=20261003_0000073
2026,10,3,06,14,128.3,2.5,-21.180000,-68.830000,10,https://www.emsc-csem.org/Earthquake_information/earthquake.php?id=20261003_0000070
2026,10,3,06,05,102.0,3.0,-19.990000,-69.200000,10,https://www.emsc-csem.org/Earthquake_information/earthquake.php?id=20261003_0000068
2026,10,3,06,05,35.0,4.8,29.243300,130.584700,10,https://www.emsc-csem.org/Earthquake_information/earthquake.php?id=20261003_0000072
2026,10,3,05,54,76.7,2.6,-21.580000,-69.940000,10,https://www.emsc-csem.org/Earthquake_information/earthquake.php?id=20261003_0000065
2026,10,3,05,41,11.0,3.3,-39.130000,-74.760000,10,https://www.emsc-csem.org/Earthquake_information/earthquake.php?id=20261003_0000064
2026,10,3,05,38,110.8,3.4,18.359300,-66.333500,10,https://www.emsc-csem.org/Earthquake_information/earthquake.php?id=20261003_0000071
2026,10,3,05,29,5.0,2.5,56.759000,-156.407000,10,https://earthquake.usgs.gov/earthquakes/eventpage/aka2026tojacd
2026,10,3,05,13,121.7,2.9,-21.160000,-68.880000,10,https://www.emsc-csem.org/Earthquake_information/earthquake.php?id=20261003_0000058
2026,10,3,04,51,57.0,3.4,23.471000,93.934000,10,https://www.emsc-csem.org/Earthquake_information/earthquake.php?id=20261003_0000056
2026,10,3,04,26,-0.0,3.5,32.500000,130.500000,10,https://www.emsc-csem.org/Earthquake_information/earthquake.php?id=20261003_0000052
2026,10,3,04,23,16.0,3.2,-7.880000,120.630000,10,https://www.emsc-csem.org/Earthquake_information/earthquake.php?id=20261003_0000051
2026,10,3,04,13,16.0,4.5,19.307200,76.922000,10,https://www.emsc-csem.org/Earthquake_information/earthquake.php?id=20261003_0000059
2026,10,3,03,55,123.9,2.5,-20.390000,-69.000000,10,https://www.emsc-csem.org/Earthquake_information/earthquake.php?id=20261003_0000048
2026,10,3,03,45,4.0,4.1,17.689000,-101.514000,10,https://www.emsc-csem.org/Earthquake_information/earthquake.php?id=20261003_0000047
2026,10,3,03,14,6.0,2.6,-31.900000,-68.608000,10,https://www.emsc-csem.org/Earthquake_information/earthquake.php?id=20261003_0000310
2026,10,3,03,13,39.0,4.7,52.118000,158.628000,10,https://www.emsc-csem.org/Earthquake_information/earthquake.php?id=20261003_0000304
2026,10,3,03,07,20.0,4.5,50.960000,160.900000,10,https://www.emsc-csem.org/Earthquake_information/earthquake.php?id=20261003_0000062
2026,10,3,03,03,262.2,3.4,-19.272000,-66.988000,10,https://www.emsc-csem.org/Earthquake_information/earthquake.php?id=20261003_0000314
2026,10,3,02,59,7.5,5.0,52.150600,160.186900,10,https://www.emsc-csem.org/Earthquake_information/earthquake.php?id=20261003_0000045
2026,10,3,02,58,10.0,3.5,5.980000,116.810000,10,https://www.emsc-csem.org/Earthquake_information/earthquake.php?id=20261003_0000043
2026,10,3,02,47,2.0,3.1,10.020000,124.190000,10,https://www.emsc-csem.org/Earthquake_information/earthquake.php?id=20261003_0000044
2026,10,3,02,25,6.8,2.6,-38.419500,145.843500,10,https://www.emsc-csem.org/Earthquake_information/earthquake.php?id=20261003_0000039
2026,10,3,02,18,136.0,3.5,-21.710000,-68.510000,10,https://www.emsc-csem.org/Earthquake_information/earthquake.php?id=20261003_0000035
2026,10,3,02,16,7.0,3.3,19.623000,77.163000,10,https://www.emsc-csem.org/Earthquake_information/earthquake.php?id=20261003_0000038
2026,10,3,01,55,32.0,2.9,12.623000,-87.942000,10,https://www.emsc-csem.org/Earthquake_information/earthquake.php?id=20261003_0000029
2026,10,3,01,43,152.1,2.5,-21.060000,-68.680000,10,https://www.emsc-csem.org/Earthquake_information/earthquake.php?id=20261003_0000023
2026,10,3,01,40,11.4,2.5,-33.730000,-70.110000,10,https://www.emsc-csem.org/Earthquake_information/earthquake.php?id=20261003_0000022
2026,10,3,01,27,61.8,2.5,-21.680000,-69.840000,10,https://www.emsc-csem.org/Earthquake_information/earthquake.php?id=20261003_0000020
2026,10,3,01,25,14.0,3.1,28.459000,92.196000,10,https://www.emsc-csem.org/Earthquake_information/earthquake.php?id=20261003_0000021
2026,10,3,01,22,140.9,3.5,45.623000,26.481600,10,https://www.emsc-csem.org/Earthquake_information/earthquake.php?id=20261003_0000016
2026,10,3,01,08,2.0,2.9,37.430000,22.090000,10,https://www.emsc-csem.org/Earthquake_information/earthquake.php?id=20261003_0000018
2026,10,3,01,03,0.0,2.9,37.430000,22.100000,10,https://www.emsc-csem.org/Earthquake_information/earthquake.php?id=20261003_0000012
2026,10,3,01,03,49.1,4.5,51.568900,-176.685800,10,https://www.emsc-csem.org/Earthquake_information/earthquake.php?id=20261003_0000015
2026,10,3,00,52,13.5,2.8,38.086300,26.153100,10,https://www.emsc-csem.org/Earthquake_information/earthquake.php?id=20261003_0000011
2026,10,3,00,30,15.0,3.6,29.623000,92.503000,10,https://www.emsc-csem.org/Earthquake_information/earthquake.php?id=20261003_0000007
2026,10,3,00,21,98.544,4.4,53.149300,158.153100,10,https://earthquake.usgs.gov/earthquakes/eventpage/us6000tz9z
2026,10,3,00,20,80.0,4.4,51.500000,159.960000,10,https://www.emsc-csem.org/Earthquake_information/earthquake.php?id=20261003_0000028
2026,10,3,00,11,130.0,4.5,31.296500,130.593100,10,https://www.emsc-csem.org/Earthquake_information/earthquake.php?id=20261003_0000003
2026,10,3,00,01,39.7,4.8,51.891400,159.293100,10,https://www.emsc-csem.org/Earthquake_information/earthquake.php?id=20261003_0000002
2026,10,2,23,59,17.6,4.6,51.666700,159.661100,10,https://www.emsc-csem.org/Earthquake_information/earthquake.php?id=20261002_0000343
2026,10,2,23,54,35.0,4.7,51.843400,159.421600,10,https://www.emsc-csem.org/Earthquake_information/earthquake.php?id=20261002_0000341
2026,10,2,23,53,189.1,3.4,-22.400000,-67.990000,10,https://www.emsc-csem.org/Earthquake_information/earthquake.php?id=20261002_0000337
2026,10,2,23,41,136.9,2.9,45.665400,26.627300,10,https://www.emsc-csem.org/Earthquake_information/earthquake.php?id=20261002_0000340
2026,10,2,23,23,113.0,2.7,-31.570000,-68.200000,10,https://www.emsc-csem.org/Earthquake_information/earthquake.php?id=20261002_0000332
2026,10,2,23,22,116.9,3.4,-36.099600,178.710200,10,https://www.emsc-csem.org/Earthquake_information/earthquake.php?id=20261002_0000331
2026,10,2,23,11,121.2,2.5,-21.140000,-68.940000,10,https://www.emsc-csem.org/Earthquake_information/earthquake.php?id=20261002_0000327
2026,10,2,23,05,111.0,3.6,-11.770000,-76.600000,10,https://ultimosismo.igp.gob.pe/evento/2026-710
2026,10,2,22,50,13.4,3.7,15.084000,-93.700000,10,https://www.emsc-csem.org/Earthquake_information/earthquake.php?id=20261002_0000345
2026,10,2,22,44,2.8,3.3,19.343000,-104.149000,10,https://www.emsc-csem.org/Earthquake_information/earthquake.php?id=20261002_0000346
2026,10,2,22,42,11.6,2.6,40.792500,34.468300,10,https://www.emsc-csem.org/Earthquake_information/earthquake.php?id=20261002_0000322
2026,10,2,22,40,15.2,2.5,-32.730000,-71.690000,10,https://www.emsc-csem.org/Earthquake_information/earthquake.php?id=20261002_0000320
2026,10,2,22,38,10.0,4.6,-49.385100,-116.923500,10,https://www.emsc-csem.org/Earthquake_information/earthquake.php?id=20261002_0000361
2026,10,2,22,38,16.5,3.7,15.466000,-94.764000,10,https://www.emsc-csem.org/Earthquake_information/earthquake.php?id=20261002_0000347
2026,10,2,22,36,39.1,2.7,-22.540000,-69.510000,10,https://www.emsc-csem.org/Earthquake_information/earthquake.php?id=20261002_0000319
2026,10,2,22,35,84.3,2.8,-22.120000,-68.770000,10,https://www.emsc-csem.org/Earthquake_information/earthquake.php?id=20261002_0000318
2026,10,2,22,22,46.5,3.1,17.596000,-101.277000,10,https://www.emsc-csem.org/Earthquake_information/earthquake.php?id=20261002_0000348
2026,10,2,22,20,10.0,3.4,-7.930000,107.080000,10,https://www.emsc-csem.org/Earthquake_information/earthquake.php?id=20261002_0000315
2026,10,2,22,14,14.0,4.2,12.644000,-90.409000,10,https://www.emsc-csem.org/Earthquake_information/earthquake.php?id=20261002_0000314
2026,10,2,22,13,10.3,3.7,16.830000,-99.782000,10,https://www.emsc-csem.org/Earthquake_information/earthquake.php?id=20261002_0000349
2026,10,2,21,59,7.0,3.7,27.430000,92.824000,10,https://www.emsc-csem.org/Earthquake_information/earthquake.php?id=20261002_0000312
2026,10,2,21,59,5.7,3.2,16.312000,-98.505000,10,https://www.emsc-csem.org/Earthquake_information/earthquake.php?id=20261002_0000350
2026,10,2,21,58,4.3,3.9,14.312000,-92.723000,10,https://www.emsc-csem.org/Earthquake_information/earthquake.php?id=20261002_0000351
2026,10,2,21,43,8.7,2.7,38.278700,23.317100,10,https://www.emsc-csem.org/Earthquake_information/earthquake.php?id=20261002_0000307
2026,10,2,21,34,10.0,3.7,-1.870000,133.390000,10,https://www.emsc-csem.org/Earthquake_information/earthquake.php?id=20261002_0000303
2026,10,2,21,20,66.1,3.3,19.029000,-97.502000,10,https://www.emsc-csem.org/Earthquake_information/earthquake.php?id=20261002_0000352
2026,10,2,21,16,250.0,4.1,-5.720000,129.580000,10,https://www.emsc-csem.org/Earthquake_information/earthquake.php?id=20261002_0000304
2026,10,2,21,14,5.0,3.3,14.222000,-92.683000,10,https://www.emsc-csem.org/Earthquake_information/earthquake.php?id=20261002_0000353
2026,10,2,21,14,35.0,4.6,51.966700,159.370100,10,https://www.emsc-csem.org/Earthquake_information/earthquake.php?id=20261002_0000362
2026,10,2,21,05,93.182,4.4,52.730200,157.586700,10,https://earthquake.usgs.gov/earthquakes/eventpage/us6000tz8q
2026,10,2,21,04,40.0,4.4,51.520000,159.950000,10,https://www.emsc-csem.org/Earthquake_information/earthquake.php?id=20261002_0000305
2026,10,2,21,02,56.2,3.3,17.856000,-101.525000,10,https://www.emsc-csem.org/Earthquake_information/earthquake.php?id=20261002_0000354
2026,10,2,20,54,20.0,5.2,51.713300,159.575600,10,https://www.emsc-csem.org/Earthquake_information/earthquake.php?id=20261002_0000297
2026,10,2,20,40,8.0,2.5,-34.210000,-70.060000,10,https://www.emsc-csem.org/Earthquake_information/earthquake.php?id=20261002_0000294
2026,10,2,20,40,71.0,3.8,-0.350000,123.860000,10,https://www.emsc-csem.org/Earthquake_information/earthquake.php?id=20261002_0000295
2026,10,2,20,38,90.0,4.7,52.298600,158.429200,10,https://www.emsc-csem.org/Earthquake_information/earthquake.php?id=20261002_0000344
2026,10,2,20,34,50.0,4.5,40.034100,142.823200,10,https://www.emsc-csem.org/Earthquake_information/earthquake.php?id=20261002_0000293
2026,10,2,20,32,1.4,3.3,16.799000,-95.055000,10,https://www.emsc-csem.org/Earthquake_information/earthquake.php?id=20261002_0000355
2026,10,2,20,27,10.0,5.0,51.528900,159.612000,10,https://www.emsc-csem.org/Earthquake_information/earthquake.php?id=20261002_0000292
2026,10,2,20,26,86.7,4.6,-4.565000,152.836300,10,https://www.emsc-csem.org/Earthquake_information/earthquake.php?id=20261002_0000302
2026,10,2,20,25,43.0,5.2,51.786400,159.523400,10,https://www.emsc-csem.org/Earthquake_information/earthquake.php?id=20261002_0000289
2026,10,2,20,10,37.5,3.6,16.221000,-99.372000,10,https://www.emsc-csem.org/Earthquake_information/earthquake.php?id=20261002_0000356
2026,10,2,20,07,20.0,4.7,51.520000,159.990000,10,https://www.emsc-csem.org/Earthquake_information/earthquake.php?id=20261002_0000301
2026,10,2,19,58,7.0,2.7,38.060000,37.031800,10,https://www.emsc-csem.org/Earthquake_information/earthquake.php?id=20261002_0000282
2026,10,2,19,56,9.5,3.0,37.436800,22.120100,10,https://www.emsc-csem.org/Earthquake_information/earthquake.php?id=20261002_0000286
2026,10,2,19,53,19.2,2.8,37.420800,22.078400,10,https://www.emsc-csem.org/Earthquake_information/earthquake.php?id=20261002_0000288
2026,10,2,19,51,10.0,3.7,14.730000,-93.197000,10,https://www.emsc-csem.org/Earthquake_information/earthquake.php?id=20261002_0000357
2026,10,2,19,43,10.0,2.7,-8.120000,120.940000,10,https://www.emsc-csem.org/Earthquake_information/earthquake.php?id=20261002_0000279
2026,10,2,19,43,403.0,4.8,-30.517200,-179.876400,10,https://www.emsc-csem.org/Earthquake_information/earthquake.php?id=20261002_0000300
2026,10,2,19,11,20.0,4.2,51.560000,160.060000,10,https://www.emsc-csem.org/Earthquake_information/earthquake.php?id=20261002_0000285
2026,10,2,19,11,10.0,3.2,-7.910000,120.660000,10,https://www.emsc-csem.org/Earthquake_information/earthquake.php?id=20261002_0000271
2026,10,2,19,10,10.0,3.8,-12.920000,45.720000,10,https://www.emsc-csem.org/Earthquake_information/earthquake.php?id=20261002_0000272
2026,10,2,19,02,21.7,3.1,18.310000,-71.829000,10,https://www.emsc-csem.org/Earthquake_information/earthquake.php?id=20261002_0000278
2026,10,2,18,54,10.0,2.9,-2.870000,128.510000,10,https://www.emsc-csem.org/Earthquake_information/earthquake.php?id=20261002_0000268
2026,10,2,18,51,17.4,2.8,-28.860000,-71.420000,10,https://www.emsc-csem.org/Earthquake_information/earthquake.php?id=20261002_0000264
2026,10,2,18,50,171.0,2.6,10.909000,-85.059000,10,https://www.emsc-csem.org/Earthquake_information/earthquake.php?id=20261002_0000265
2026,10,2,18,25,10.0,5.0,51.725600,159.659600,10,https://www.emsc-csem.org/Earthquake_information/earthquake.php?id=20261002_0000261
2026,10,2,18,23,10.0,3.4,-8.420000,121.510000,10,https://www.emsc-csem.org/Earthquake_information/earthquake.php?id=20261002_0000259
2026,10,2,18,21,40.0,4.5,51.540000,159.900000,10,https://www.emsc-csem.org/Earthquake_information/earthquake.php?id=20261002_0000280
2026,10,2,17,55,0.3,3.5,19.415500,-155.279000,10,https://www.emsc-csem.org/Earthquake_information/earthquake.php?id=20261002_0000256
2026,10,2,17,48,78.2,4.2,15.525000,-93.719000,10,https://www.emsc-csem.org/Earthquake_information/earthquake.php?id=20261002_0000257
2026,10,2,17,45,16.0,2.7,9.477200,-83.705400,10,https://www.emsc-csem.org/Earthquake_information/earthquake.php?id=20261002_0000258
2026,10,2,17,44,72.0,3.6,-2.280000,127.980000,10,https://www.emsc-csem.org/Earthquake_information/earthquake.php?id=20261002_0000255
2026,10,2,17,40,10.0,3.5,-26.410000,27.577000,10,https://www.emsc-csem.org/Earthquake_information/earthquake.php?id=20261002_0000252
2026,10,2,17,28,23.8,4.3,-32.733300,-71.690600,10,https://www.emsc-csem.org/Earthquake_information/earthquake.php?id=20261002_0000250
2026,10,2,17,27,16.2,4.1,15.452000,-94.678000,10,https://www.emsc-csem.org/Earthquake_information/earthquake.php?id=20261002_0000253
2026,10,2,17,25,7.3,2.6,28.836000,-98.938000,10,https://www.emsc-csem.org/Earthquake_information/earthquake.php?id=20261002_0000372
2026,10,2,17,05,33.0,4.6,51.540000,159.640000,10,https://www.emsc-csem.org/Earthquake_information/earthquake.php?id=20261002_0000274
2026,10,2,17,05,23.0,3.5,37.150000,21.760000,10,https://www.emsc-csem.org/Earthquake_information/earthquake.php?id=20261002_0000244
2026,10,2,16,57,60.0,4.6,51.690000,159.910000,10,https://www.emsc-csem.org/Earthquake_information/earthquake.php?id=20261002_0000270
2026,10,2,16,56,3.8,3.1,-38.353100,145.836800,10,https://www.emsc-csem.org/Earthquake_information/earthquake.php?id=20261002_0000243
2026,10,2,16,55,103.9,4.5,23.145300,94.546900,10,https://www.emsc-csem.org/Earthquake_information/earthquake.php?id=20261002_0000359
2026,10,2,16,54,97.0,3.3,-11.870000,-76.660000,10,https://ultimosismo.igp.gob.pe/evento/2026-709
2026,10,2,16,50,15.0,3.9,29.467000,92.474000,10,https://www.emsc-csem.org/Earthquake_information/earthquake.php?id=20261002_0000262
2026,10,2,16,50,0.0,3.0,65.154100,12.831200,10,https://www.emsc-csem.org/Earthquake_information/earthquake.php?id=20261002_0000239
2026,10,2,16,50,80.0,4.7,51.360000,159.960000,10,https://www.emsc-csem.org/Earthquake_information/earthquake.php?id=20261002_0000275
2026,10,2,16,41,10.0,3.0,15.174000,107.657000,10,https://www.emsc-csem.org/Earthquake_information/earthquake.php?id=20261002_0000241
2026,10,2,16,40,10.0,2.9,-25.850000,-66.460000,10,https://www.emsc-csem.org/Earthquake_information/earthquake.php?id=20261002_0000245
2026,10,2,16,34,20.0,5.8,51.824500,159.559100,10,https://www.emsc-csem.org/Earthquake_information/earthquake.php?id=20261002_0000236
2026,10,2,16,31,10.0,5.0,10.464400,-62.452600,10,https://www.emsc-csem.org/Earthquake_information/earthquake.php?id=20261002_0000234
2026,10,2,16,19,113.2,2.7,-21.170000,-69.040000,10,https://www.emsc-csem.org/Earthquake_information/earthquake.php?id=20261002_0000226
2026,10,2,16,18,10.0,2.8,-8.230000,120.470000,10,https://www.emsc-csem.org/Earthquake_information/earthquake.php?id=20261002_0000228
2026,10,2,16,15,18.0,2.6,-8.260000,120.490000,10,https://www.emsc-csem.org/Earthquake_information/earthquake.php?id=20261002_0000229
2026,10,2,16,12,10.0,3.9,-25.970000,-66.390000,10,https://www.emsc-csem.org/Earthquake_information/earthquake.php?id=20261002_0000224
2026,10,2,16,12,11.0,3.3,13.300000,120.960000,10,https://www.emsc-csem.org/Earthquake_information/earthquake.php?id=20261002_0000230
2026,10,2,16,10,14.2,2.7,38.126700,21.767100,10,https://www.emsc-csem.org/Earthquake_information/earthquake.php?id=20261002_0000247
2026,10,2,16,08,184.1,2.7,-22.450000,-67.770000,10,https://www.emsc-csem.org/Earthquake_information/earthquake.php?id=20261002_0000222
2026,10,2,16,02,96.7,4.6,53.003100,158.884900,10,https://www.emsc-csem.org/Earthquake_information/earthquake.php?id=20261002_0000233
2026,10,2,16,02,8.0,2.6,-38.191000,-68.570000,10,https://www.emsc-csem.org/Earthquake_information/earthquake.php?id=20261002_0000367
2026,10,2,16,01,10.0,4.7,-38.405600,145.868400,10,https://www.emsc-csem.org/Earthquake_information/earthquake.php?id=20261002_0000223
2026,10,2,15,58,10.0,3.4,14.963000,107.556000,10,https://www.emsc-csem.org/Earthquake_information/earthquake.php?id=20261002_0000216
2026,10,2,15,56,9.1,3.2,38.119400,21.753400,10,https://www.emsc-csem.org/Earthquake_information/earthquake.php?id=20261002_0000218
2026,10,2,15,45,10.0,2.7,-31.700000,-67.810000,10,https://www.emsc-csem.org/Earthquake_information/earthquake.php?id=20261002_0000213
2026,10,2,15,41,130.4,2.7,-21.210000,-68.770000,10,https://www.emsc-csem.org/Earthquake_information/earthquake.php?id=20261002_0000210
2026,10,2,15,32,61.6,3.7,12.924300,-88.781300,10,https://www.emsc-csem.org/Earthquake_information/earthquake.php?id=20261002_0000214
2026,10,2,15,27,20.0,3.5,-4.310000,-77.930000,10,https://ultimosismo.igp.gob.pe/evento/2026-708
2026,10,2,15,26,13.0,4.1,38.140000,21.790000,10,https://www.emsc-csem.org/Earthquake_information/earthquake.php?id=20261002_0000205
2026,10,2,15,19,6.0,2.8,20.494000,73.631000,10,https://www.emsc-csem.org/Earthquake_information/earthquake.php?id=20261002_0000209
2026,10,2,15,18,63.1,2.5,-22.290000,-68.650000,10,https://www.emsc-csem.org/Earthquake_information/earthquake.php?id=20261002_0000206
2026,10,2,15,15,8.0,2.5,-38.203000,-68.567000,10,https://www.emsc-csem.org/Earthquake_information/earthquake.php?id=20261002_0000366
2026,10,2,15,10,10.0,4.8,14.560300,119.472100,10,https://www.emsc-csem.org/Earthquake_information/earthquake.php?id=20261002_0000207
2026,10,2,15,09,7.0,2.7,-38.193000,-68.584000,10,https://www.emsc-csem.org/Earthquake_information/earthquake.php?id=20261002_0000342
2026,10,2,15,07,79.5,2.7,-25.350000,-68.690000,10,https://www.emsc-csem.org/Earthquake_information/earthquake.php?id=20261002_0000203
2026,10,2,15,03,126.4,3.1,-23.010000,-68.120000,10,https://www.emsc-csem.org/Earthquake_information/earthquake.php?id=20261002_0000200
2026,10,2,14,52,12.0,3.1,-8.320000,116.750000,10,https://www.emsc-csem.org/Earthquake_information/earthquake.php?id=20261002_0000202
2026,10,2,14,45,14.0,2.6,-7.840000,121.280000,10,https://www.emsc-csem.org/Earthquake_information/earthquake.php?id=20261002_0000197
2026,10,2,14,40,9.2,2.6,36.654100,25.660400,10,https://www.emsc-csem.org/Earthquake_information/earthquake.php?id=20261002_0000215
2026,10,2,14,35,5.5,3.0,40.199400,20.703300,10,https://www.emsc-csem.org/Earthquake_information/earthquake.php?id=20261002_0000193
2026,10,2,14,31,137.1,2.5,63.275700,-150.576200,10,https://www.emsc-csem.org/Earthquake_information/earthquake.php?id=20261002_0000358
2026,10,2,14,08,33.0,3.2,5.460000,125.250000,10,https://www.emsc-csem.org/Earthquake_information/earthquake.php?id=20261002_0000192
2026,10,2,13,59,16.1,3.2,-39.159000,174.374600,10,https://www.emsc-csem.org/Earthquake_information/earthquake.php?id=20261002_0000296
2026,10,2,13,57,8.1,5.0,-39.081300,174.329500,10,https://www.emsc-csem.org/Earthquake_information/earthquake.php?id=20261002_0000175
2026,10,2,13,49,22.0,3.0,14.740000,119.420000,10,https://www.emsc-csem.org/Earthquake_information/earthquake.php?id=20261002_0000187
2026,10,2,13,48,178.0,3.6,-27.830000,-66.900000,10,https://www.emsc-csem.org/Earthquake_information/earthquake.php?id=20261002_0000173
2026,10,2,13,44,118.1,2.9,-21.910000,-68.780000,10,https://www.emsc-csem.org/Earthquake_information/earthquake.php?id=20261002_0000170
2026,10,2,13,44,106.0,2.9,-30.650000,-68.750000,10,https://www.emsc-csem.org/Earthquake_information/earthquake.php?id=20261002_0000171
2026,10,2,13,37,10.0,2.6,-25.878000,28.836000,10,https://www.emsc-csem.org/Earthquake_information/earthquake.php?id=20261002_0000169
2026,10,2,13,35,9.2,4.1,14.023000,-93.043000,10,https://www.emsc-csem.org/Earthquake_information/earthquake.php?id=20261002_0000172
2026,10,2,13,29,10.0,3.3,-25.920000,-66.620000,10,https://www.emsc-csem.org/Earthquake_information/earthquake.php?id=20261002_0000198
2026,10,2,13,29,31.6,3.3,18.954000,-67.917500,10,https://www.emsc-csem.org/Earthquake_information/earthquake.php?id=20261002_0000174
2026,10,2,13,26,31.0,2.5,12.356000,-87.772000,10,https://www.emsc-csem.org/Earthquake_information/earthquake.php?id=20261002_0000191
2026,10,2,12,55,19.0,3.0,10.870000,121.820000,10,https://www.emsc-csem.org/Earthquake_information/earthquake.php?id=20261002_0000165
2026,10,2,12,52,10.0,3.3,-7.870000,120.890000,10,https://www.emsc-csem.org/Earthquake_information/earthquake.php?id=20261002_0000164
2026,10,2,12,47,189.4,3.6,-24.060000,-67.010000,10,https://www.emsc-csem.org/Earthquake_information/earthquake.php?id=20261002_0000163
2026,10,2,12,42,15.0,4.1,-7.970000,120.890000,10,https://www.emsc-csem.org/Earthquake_information/earthquake.php?id=20261002_0000162
2026,10,2,12,33,121.0,4.0,-10.530000,-73.900000,10,https://ultimosismo.igp.gob.pe/evento/2026-707
2026,10,2,12,27,134.3,2.8,-21.840000,-68.460000,10,https://www.emsc-csem.org/Earthquake_information/earthquake.php?id=20261002_0000157
2026,10,2,12,10,12.0,2.7,-7.880000,120.520000,10,https://www.emsc-csem.org/Earthquake_information/earthquake.php?id=20261002_0000156
2026,10,2,12,07,5.0,3.0,18.897100,-67.843100,10,https://www.emsc-csem.org/Earthquake_information/earthquake.php?id=20261002_0000153
2026,10,2,11,54,5.2,2.8,64.529000,-17.063000,10,https://www.emsc-csem.org/Earthquake_information/earthquake.php?id=20261002_0000196
2026,10,2,11,52,37.0,3.0,8.194800,-82.828200,10,https://www.emsc-csem.org/Earthquake_information/earthquake.php?id=20261002_0000199
2026,10,2,11,35,107.0,4.2,14.186000,-91.208000,10,https://www.emsc-csem.org/Earthquake_information/earthquake.php?id=20261002_0000147
2026,10,2,11,30,120.0,4.0,30.771000,86.798000,10,https://www.emsc-csem.org/Earthquake_information/earthquake.php?id=20261002_0000237
2026,10,2,11,22,94.0,3.0,24.303000,94.306000,10,https://www.emsc-csem.org/Earthquake_information/earthquake.php?id=20261002_0000146
2026,10,2,11,19,120.7,2.9,-21.050000,-69.000000,10,https://www.emsc-csem.org/Earthquake_information/earthquake.php?id=20261002_0000141
2026,10,2,11,14,48.4,5.0,-6.615800,155.014900,10,https://www.emsc-csem.org/Earthquake_information/earthquake.php?id=20261002_0000145
2026,10,2,11,05,158.6,2.6,-35.610000,-71.090000,10,https://www.emsc-csem.org/Earthquake_information/earthquake.php?id=20261002_0000138
2026,10,2,11,00,10.0,3.9,14.247000,-92.731000,10,https://www.emsc-csem.org/Earthquake_information/earthquake.php?id=20261002_0000176
2026,10,2,10,55,16.0,3.3,-7.910000,120.860000,10,https://www.emsc-csem.org/Earthquake_information/earthquake.php?id=20261002_0000137
2026,10,2,10,50,17.0,3.5,12.610000,-90.288000,10,https://www.emsc-csem.org/Earthquake_information/earthquake.php?id=20261002_0000136
2026,10,2,10,49,13.0,3.7,-5.090000,102.650000,10,https://www.emsc-csem.org/Earthquake_information/earthquake.php?id=20261002_0000135
2026,10,2,10,47,25.0,3.3,13.109000,-89.606000,10,https://www.emsc-csem.org/Earthquake_information/earthquake.php?id=20261002_0000134
2026,10,2,10,35,15.6,3.4,18.657000,-104.374000,10,https://www.emsc-csem.org/Earthquake_information/earthquake.php?id=20261002_0000177
2026,10,2,10,33,17.1,3.4,15.300000,-97.885000,10,https://www.emsc-csem.org/Earthquake_information/earthquake.php?id=20261002_0000178
2026,10,2,10,23,10.0,2.9,51.729400,-131.680300,10,https://www.emsc-csem.org/Earthquake_information/earthquake.php?id=20261002_0000284
2026,10,2,10,13,170.0,4.3,-6.930000,129.930000,10,https://www.emsc-csem.org/Earthquake_information/earthquake.php?id=20261002_0000128
2026,10,2,10,13,56.0,4.0,-8.160000,-79.380000,10,https://ultimosismo.igp.gob.pe/evento/2026-706
2026,10,2,10,12,10.0,4.1,13.940000,-93.260000,10,https://www.emsc-csem.org/Earthquake_information/earthquake.php?id=20261002_0000179
2026,10,2,10,10,30.1,3.2,16.997000,-99.835000,10,https://www.emsc-csem.org/Earthquake_information/earthquake.php?id=20261002_0000180
2026,10,2,10,07,7.8,3.1,19.576000,-103.479000,10,https://www.emsc-csem.org/Earthquake_information/earthquake.php?id=20261002_0000181
2026,10,2,10,00,13.8,3.3,38.894800,-120.086900,10,https://www.emsc-csem.org/Earthquake_information/earthquake.php?id=20261002_0000124
2026,10,2,10,00,10.0,3.2,-1.430000,134.700000,10,https://www.emsc-csem.org/Earthquake_information/earthquake.php?id=20261002_0000126
2026,10,2,09,55,31.0,2.9,-8.100000,120.880000,10,https://www.emsc-csem.org/Earthquake_information/earthquake.php?id=20261002_0000119
2026,10,2,09,54,16.6,3.4,18.565000,-104.092000,10,https://www.emsc-csem.org/Earthquake_information/earthquake.php?id=20261002_0000182
2026,10,2,09,52,30.7,2.6,56.438900,-156.537600,10,https://www.emsc-csem.org/Earthquake_information/earthquake.php?id=20261002_0000140
2026,10,2,09,52,9.0,3.7,16.343000,-95.188000,10,https://www.emsc-csem.org/Earthquake_information/earthquake.php?id=20261002_0000183
2026,10,2,09,44,10.0,2.9,-8.440000,121.410000,10,https://www.emsc-csem.org/Earthquake_information/earthquake.php?id=20261002_0000120
2026,10,2,09,43,31.4,4.2,16.135000,-97.157000,10,https://www.emsc-csem.org/Earthquake_information/earthquake.php?id=20261002_0000123
2026,10,2,09,43,9.3,2.6,31.621500,-104.224800,10,https://www.emsc-csem.org/Earthquake_information/earthquake.php?id=20261002_0000125
2026,10,2,09,37,28.0,3.2,-8.270000,120.860000,10,https://www.emsc-csem.org/Earthquake_information/earthquake.php?id=20261002_0000121
2026,10,2,09,34,12.0,3.6,-7.960000,120.890000,10,https://www.emsc-csem.org/Earthquake_information/earthquake.php?id=20261002_0000111
2026,10,2,09,34,15.0,4.1,14.119000,-93.159000,10,https://www.emsc-csem.org/Earthquake_information/earthquake.php?id=20261002_0000115
2026,10,2,09,30,13.0,2.9,-8.000000,120.880000,10,https://www.emsc-csem.org/Earthquake_information/earthquake.php?id=20261002_0000122
2026,10,2,09,18,10.0,3.9,16.689000,-91.303000,10,https://www.emsc-csem.org/Earthquake_information/earthquake.php?id=20261002_0000184
2026,10,2,09,17,10.0,2.5,-8.030000,120.930000,10,https://www.emsc-csem.org/Earthquake_information/earthquake.php?id=20261002_0000108
2026,10,2,09,15,32.1,3.2,16.139000,-96.988000,10,https://www.emsc-csem.org/Earthquake_information/earthquake.php?id=20261002_0000185
2026,10,2,09,13,3.4,2.9,38.907300,-115.289700,10,https://www.emsc-csem.org/Earthquake_information/earthquake.php?id=20261002_0000107
2026,10,2,09,06,10.0,4.0,-7.900000,120.890000,10,https://www.emsc-csem.org/Earthquake_information/earthquake.php?id=20261002_0000106
2026,10,2,09,03,49.1,3.0,17.123000,-99.680000,10,https://www.emsc-csem.org/Earthquake_information/earthquake.php?id=20261002_0000186
2026,10,2,09,00,24.0,3.1,-7.960000,120.870000,10,https://www.emsc-csem.org/Earthquake_information/earthquake.php?id=20261002_0000104
2026,10,2,08,56,10.0,3.4,-7.900000,120.870000,10,https://www.emsc-csem.org/Earthquake_information/earthquake.php?id=20261002_0000102
2026,10,2,08,49,11.0,4.2,-7.910000,120.870000,10,https://www.emsc-csem.org/Earthquake_information/earthquake.php?id=20261002_0000100
2026,10,2,08,43,124.0,2.9,36.590000,26.910000,10,https://www.emsc-csem.org/Earthquake_information/earthquake.php?id=20261002_0000099
2026,10,2,08,39,-0.0,3.1,32.600000,130.700000,10,https://www.emsc-csem.org/Earthquake_information/earthquake.php?id=20261002_0000098
2026,10,2,08,06,10.0,2.6,-31.720000,-67.450000,10,https://www.emsc-csem.org/Earthquake_information/earthquake.php?id=20261002_0000092
2026,10,2,07,58,10.0,2.9,-8.380000,121.720000,10,https://www.emsc-csem.org/Earthquake_information/earthquake.php?id=20261002_0000089
2026,10,2,07,57,10.0,3.6,2.490000,126.840000,10,https://www.emsc-csem.org/Earthquake_information/earthquake.php?id=20261002_0000090
2026,10,2,07,51,15.0,3.1,-2.970000,129.160000,10,https://www.emsc-csem.org/Earthquake_information/earthquake.php?id=20261002_0000087
2026,10,2,07,38,27.0,2.5,-7.930000,120.900000,10,https://www.emsc-csem.org/Earthquake_information/earthquake.php?id=20261002_0000086
2026,10,2,06,56,77.5,2.8,-19.320000,-69.700000,10,https://www.emsc-csem.org/Earthquake_information/earthquake.php?id=20261002_0000078
2026,10,2,06,53,22.1,4.8,18.830400,-104.247400,10,https://www.emsc-csem.org/Earthquake_information/earthquake.php?id=20261002_0000079
2026,10,2,06,48,10.0,4.5,-7.951100,121.098500,10,https://www.emsc-csem.org/Earthquake_information/earthquake.php?id=20261002_0000082
2026,10,2,06,45,24.0,2.7,-8.010000,120.900000,10,https://www.emsc-csem.org/Earthquake_information/earthquake.php?id=20261002_0000073
2026,10,2,06,41,10.0,3.5,32.400000,130.500000,10,https://www.emsc-csem.org/Earthquake_information/earthquake.php?id=20261002_0000072
2026,10,2,06,39,0.0,3.6,40.990000,75.150000,10,https://www.emsc-csem.org/Earthquake_information/earthquake.php?id=20261002_0000083
2026,10,2,06,39,9.0,3.1,14.680000,119.440000,10,https://www.emsc-csem.org/Earthquake_information/earthquake.php?id=20261002_0000076
2026,10,2,06,38,29.6,2.9,79.604000,3.185000,10,https://www.emsc-csem.org/Earthquake_information/earthquake.php?id=20261002_0000081
2026,10,2,06,29,14.0,3.0,-8.250000,120.750000,10,https://www.emsc-csem.org/Earthquake_information/earthquake.php?id=20261002_0000070
2026,10,2,06,16,25.0,2.5,-7.910000,120.920000,10,https://www.emsc-csem.org/Earthquake_information/earthquake.php?id=20261002_0000067
2026,10,2,06,15,146.0,2.6,-25.858000,-67.017000,10,https://www.emsc-csem.org/Earthquake_information/earthquake.php?id=20261002_0000231
2026,10,2,06,14,106.0,4.1,-8.060000,-78.760000,10,https://ultimosismo.igp.gob.pe/evento/2026-705
2026,10,2,06,02,17.3,4.0,51.328000,-175.993000,10,https://www.emsc-csem.org/Earthquake_information/earthquake.php?id=20261002_0000160
2026,10,2,05,59,10.0,3.9,-7.870000,120.880000,10,https://www.emsc-csem.org/Earthquake_information/earthquake.php?id=20261002_0000064
2026,10,2,05,57,22.0,3.5,2.520000,126.860000,10,https://www.emsc-csem.org/Earthquake_information/earthquake.php?id=20261002_0000060
2026,10,2,05,54,18.0,2.8,-2.360000,140.160000,10,https://www.emsc-csem.org/Earthquake_information/earthquake.php?id=20261002_0000061
2026,10,2,05,43,3.0,3.1,14.610000,119.380000,10,https://www.emsc-csem.org/Earthquake_information/earthquake.php?id=20261002_0000062
2026,10,2,05,43,10.0,3.0,-8.330000,121.110000,10,https://www.emsc-csem.org/Earthquake_information/earthquake.php?id=20261002_0000058
2026,10,2,05,38,10.0,4.8,2.627800,126.766300,10,https://www.emsc-csem.org/Earthquake_information/earthquake.php?id=20261002_0000059
2026,10,2,05,35,20.0,2.6,-0.030000,124.190000,10,https://www.emsc-csem.org/Earthquake_information/earthquake.php?id=20261002_0000056
2026,10,2,05,33,18.0,2.9,-7.970000,120.870000,10,https://www.emsc-csem.org/Earthquake_information/earthquake.php?id=20261002_0000057
2026,10,2,05,30,10.0,2.6,-7.920000,120.930000,10,https://www.emsc-csem.org/Earthquake_information/earthquake.php?id=20261002_0000055
2026,10,2,05,23,11.6,3.4,-17.357000,-66.041000,10,https://www.emsc-csem.org/Earthquake_information/earthquake.php?id=20261002_0000069
2026,10,2,05,22,106.0,2.8,-29.683000,-68.469000,10,https://www.emsc-csem.org/Earthquake_information/earthquake.php?id=20261002_0000232
2026,10,2,05,21,10.0,4.3,-38.150000,-68.530000,10,https://www.emsc-csem.org/Earthquake_information/earthquake.php?id=20261002_0000054
2026,10,2,05,10,10.0,4.1,-7.900000,120.880000,10,https://www.emsc-csem.org/Earthquake_information/earthquake.php?id=20261002_0000053
2026,10,2,05,05,10.0,3.0,-8.280000,120.580000,10,https://www.emsc-csem.org/Earthquake_information/earthquake.php?id=20261002_0000051
2026,10,2,04,59,13.4,3.0,45.458000,16.192100,10,https://www.emsc-csem.org/Earthquake_information/earthquake.php?id=20261002_0000047
2026,10,2,04,59,6.0,2.6,37.500000,21.960000,10,https://www.emsc-csem.org/Earthquake_information/earthquake.php?id=20261002_0000050
2026,10,2,04,55,10.0,3.0,-8.230000,120.630000,10,https://www.emsc-csem.org/Earthquake_information/earthquake.php?id=20261002_0000049
2026,10,2,04,53,114.0,2.5,-31.800000,-69.470000,10,https://www.emsc-csem.org/Earthquake_information/earthquake.php?id=20261002_0000045
2026,10,2,04,44,15.2,5.1,-8.846800,157.978900,10,https://www.emsc-csem.org/Earthquake_information/earthquake.php?id=20261002_0000043
2026,10,2,04,43,10.0,3.0,-8.240000,120.620000,10,https://www.emsc-csem.org/Earthquake_information/earthquake.php?id=20261002_0000044
2026,10,2,04,40,16.0,2.8,-8.270000,120.620000,10,https://www.emsc-csem.org/Earthquake_information/earthquake.php?id=20261002_0000038
2026,10,2,04,30,10.0,2.5,5.200000,96.260000,10,https://www.emsc-csem.org/Earthquake_information/earthquake.php?id=20261002_0000035
2026,10,2,04,27,557.2,5.0,-24.780900,178.768900,10,https://www.emsc-csem.org/Earthquake_information/earthquake.php?id=20261002_0000037
2026,10,2,04,25,197.0,3.4,2.690000,128.440000,10,https://www.emsc-csem.org/Earthquake_information/earthquake.php?id=20261002_0000036
2026,10,2,04,10,38.2,4.9,-7.279500,155.640000,10,https://www.emsc-csem.org/Earthquake_information/earthquake.php?id=20261002_0000039
2026,10,2,04,06,15.2,2.5,40.189400,23.958900,10,https://www.emsc-csem.org/Earthquake_information/earthquake.php?id=20261002_0000048
2026,10,2,04,06,4.5,3.2,28.239500,-14.298200,10,https://www.emsc-csem.org/Earthquake_information/earthquake.php?id=20261002_0000034
2026,10,2,03,01,25.9,3.8,35.593000,26.205100,10,https://www.emsc-csem.org/Earthquake_information/earthquake.php?id=20261002_0000026
2026,10,2,02,48,103.1,3.0,-19.810000,-69.270000,10,https://www.emsc-csem.org/Earthquake_information/earthquake.php?id=20261002_0000025
2026,10,2,02,44,14.0,2.6,40.171500,23.981300,10,https://www.emsc-csem.org/Earthquake_information/earthquake.php?id=20261002_0000030
2026,10,2,02,40,7.2,2.8,40.176500,20.684100,10,https://www.emsc-csem.org/Earthquake_information/earthquake.php?id=20261002_0000024
2026,10,2,02,37,10.0,3.9,79.357000,3.939000,10,https://www.emsc-csem.org/Earthquake_information/earthquake.php?id=20261002_0000077
2026,10,2,02,20,6.0,2.6,-25.926000,-66.926000,10,https://www.emsc-csem.org/Earthquake_information/earthquake.php?id=20261002_0000225
2026,10,2,02,20,154.6,4.0,17.025000,-94.039000,10,https://www.emsc-csem.org/Earthquake_information/earthquake.php?id=20261002_0000022
2026,10,2,02,18,26.0,3.0,37.140000,21.730000,10,https://www.emsc-csem.org/Earthquake_information/earthquake.php?id=20261002_0000023
2026,10,2,02,15,71.1,2.8,-21.430000,-69.610000,10,https://www.emsc-csem.org/Earthquake_information/earthquake.php?id=20261002_0000020
2026,10,2,02,02,10.0,4.7,-11.173500,165.794000,10,https://www.emsc-csem.org/Earthquake_information/earthquake.php?id=20261002_0000360
2026,10,2,01,53,12.6,2.8,36.796400,23.128500,10,https://www.emsc-csem.org/Earthquake_information/earthquake.php?id=20261002_0000018
2026,10,2,01,24,18.7,2.8,-32.160000,-71.830000,10,https://www.emsc-csem.org/Earthquake_information/earthquake.php?id=20261002_0000015
2026,10,2,01,20,100.0,2.5,-31.504000,-68.544000,10,https://www.emsc-csem.org/Earthquake_information/earthquake.php?id=20261002_0000221
2026,10,2,01,10,19.0,3.5,1.460000,120.720000,10,https://www.emsc-csem.org/Earthquake_information/earthquake.php?id=20261002_0000012
2026,10,2,01,06,28.1,4.0,79.264000,2.963000,10,https://www.emsc-csem.org/Earthquake_information/earthquake.php?id=20261002_0000075
2026,10,2,01,03,5.0,2.6,66.633600,-140.512900,10,https://www.emsc-csem.org/Earthquake_information/earthquake.php?id=20261002_0000251
2026,10,2,00,59,10.0,3.4,2.510000,126.870000,10,https://www.emsc-csem.org/Earthquake_information/earthquake.php?id=20261002_0000008
2026,10,2,00,57,164.0,3.0,0.510000,100.190000,10,https://www.emsc-csem.org/Earthquake_information/earthquake.php?id=20261002_0000009
2026,10,2,00,51,10.0,3.6,30.001000,92.412000,10,https://www.emsc-csem.org/Earthquake_information/earthquake.php?id=20261002_0000006
2026,10,2,00,46,91.0,4.3,-8.740000,114.930000,10,https://www.emsc-csem.org/Earthquake_information/earthquake.php?id=20261002_0000005
2026,10,2,00,17,246.6,3.3,-23.740000,-67.240000,10,https://www.emsc-csem.org/Earthquake_information/earthquake.php?id=20261002_0000001
2026,10,1,23,56,155.7,3.1,-20.736000,-67.953000,10,https://www.emsc-csem.org/Earthquake_information/earthquake.php?id=20261001_0000372
2026,10,1,23,48,6.0,3.2,5.360000,126.030000,10,https://www.emsc-csem.org/Earthquake_information/earthquake.php?id=20261001_0000353
2026,10,1,23,47,41.3,3.0,-45.079100,167.579000,10,https://www.emsc-csem.org/Earthquake_information/earthquake.php?id=20261001_0000351
2026,10,1,23,47,122.0,2.6,-30.990000,-69.770000,10,https://www.emsc-csem.org/Earthquake_information/earthquake.php?id=20261001_0000352
2026,10,1,23,35,32.0,3.9,-18.030000,-71.530000,10,https://ultimosismo.igp.gob.pe/evento/2026-704
2026,10,1,23,29,11.0,3.4,-8.420000,121.460000,10,https://www.emsc-csem.org/Earthquake_information/earthquake.php?id=20261001_0000346
2026,10,1,23,28,289.2,3.2,-22.770000,-67.000000,10,https://www.emsc-csem.org/Earthquake_information/earthquake.php?id=20261001_0000345
2026,10,1,23,15,106.0,3.2,-31.330000,-69.230000,10,https://www.emsc-csem.org/Earthquake_information/earthquake.php?id=20261001_0000343
2026,10,1,23,10,233.5,3.3,-23.860000,-67.300000,10,https://www.emsc-csem.org/Earthquake_information/earthquake.php?id=20261001_0000342
2026,10,1,22,59,10.0,2.5,-8.250000,120.310000,10,https://www.emsc-csem.org/Earthquake_information/earthquake.php?id=20261001_0000339
2026,10,1,22,37,7.2,2.7,38.017000,-26.208000,10,https://www.emsc-csem.org/Earthquake_information/earthquake.php?id=20261001_0000332
2026,10,1,22,10,9.0,3.2,34.860000,73.038000,10,https://www.emsc-csem.org/Earthquake_information/earthquake.php?id=20261001_0000335
2026,10,1,21,40,107.6,2.6,-21.730000,-68.790000,10,https://www.emsc-csem.org/Earthquake_information/earthquake.php?id=20261001_0000329
2026,10,1,21,36,6.3,3.2,39.394800,40.632500,10,https://www.emsc-csem.org/Earthquake_information/earthquake.php?id=20261001_0000326
2026,10,1,21,10,11.0,3.4,-8.240000,120.330000,10,https://www.emsc-csem.org/Earthquake_information/earthquake.php?id=20261001_0000324
2026,10,1,21,01,65.0,3.9,36.090400,139.748700,10,https://www.emsc-csem.org/Earthquake_information/earthquake.php?id=20261001_0000323
2026,10,1,21,01,65.032,4.5,36.090400,139.748700,10,https://earthquake.usgs.gov/earthquakes/eventpage/us6000tyxk
2026,10,1,20,43,12.0,3.6,-10.130000,123.640000,10,https://www.emsc-csem.org/Earthquake_information/earthquake.php?id=20261001_0000322
2026,10,1,20,35,10.0,3.2,-9.230000,118.260000,10,https://www.emsc-csem.org/Earthquake_information/earthquake.php?id=20261001_0000321
2026,10,1,20,28,271.4,3.0,39.541700,15.673200,10,https://www.emsc-csem.org/Earthquake_information/earthquake.php?id=20261001_0000320
2026,10,1,20,20,13.0,2.9,26.562000,95.043000,10,https://www.emsc-csem.org/Earthquake_information/earthquake.php?id=20261001_0000317
2026,10,1,20,20,10.0,4.0,13.608000,-92.535000,10,https://www.emsc-csem.org/Earthquake_information/earthquake.php?id=20261001_0000318
2026,10,1,20,00,5.8,5.1,-11.716300,167.149800,10,https://www.emsc-csem.org/Earthquake_information/earthquake.php?id=20261001_0000315
2026,10,1,19,53,8.0,3.2,-38.186000,-68.594000,10,https://www.emsc-csem.org/Earthquake_information/earthquake.php?id=20261001_0000369
2026,10,1,19,50,380.0,3.2,-37.058400,176.700900,10,https://www.emsc-csem.org/Earthquake_information/earthquake.php?id=20261001_0000311
2026,10,1,19,44,29.0,2.9,9.231500,-84.257200,10,https://www.emsc-csem.org/Earthquake_information/earthquake.php?id=20261001_0000313
2026,10,1,19,43,10.0,3.3,0.530000,98.480000,10,https://www.emsc-csem.org/Earthquake_information/earthquake.php?id=20261001_0000309
2026,10,1,19,38,10.0,5.1,-11.783100,167.024500,10,https://www.emsc-csem.org/Earthquake_information/earthquake.php?id=20261001_0000312
2026,10,1,19,37,39.9,3.1,17.135000,-100.264000,10,https://www.emsc-csem.org/Earthquake_information/earthquake.php?id=20261001_0000359
2026,10,1,19,30,7.0,2.6,36.882700,28.882000,10,https://www.emsc-csem.org/Earthquake_information/earthquake.php?id=20261001_0000307
2026,10,1,19,28,101.8,2.6,59.993400,-152.599400,10,https://www.emsc-csem.org/Earthquake_information/earthquake.php?id=20261001_0000319
2026,10,1,19,22,204.3,3.0,-21.491000,-66.892000,10,https://www.emsc-csem.org/Earthquake_information/earthquake.php?id=20261001_0000373
2026,10,1,19,22,122.7,3.4,17.000000,-94.826000,10,https://www.emsc-csem.org/Earthquake_information/earthquake.php?id=20261001_0000360
2026,10,1,19,19,101.0,2.8,-8.960000,119.110000,10,https://www.emsc-csem.org/Earthquake_information/earthquake.php?id=20261001_0000300
2026,10,1,19,17,5.0,2.6,27.613000,91.342000,10,https://www.emsc-csem.org/Earthquake_information/earthquake.php?id=20261001_0000301
2026,10,1,19,15,58.6,3.2,17.881000,-101.411000,10,https://www.emsc-csem.org/Earthquake_information/earthquake.php?id=20261001_0000361
2026,10,1,19,05,10.0,3.3,29.900000,130.000000,10,https://www.emsc-csem.org/Earthquake_information/earthquake.php?id=20261001_0000296
2026,10,1,18,54,433.822,4.3,-21.254900,-177.690800,10,https://earthquake.usgs.gov/earthquakes/eventpage/us6000tywh
2026,10,1,18,54,452.0,4.3,-20.646700,-178.018200,10,https://www.emsc-csem.org/Earthquake_information/earthquake.php?id=20261001_0000308
2026,10,1,18,53,5.0,2.5,31.699000,-104.534000,10,https://www.emsc-csem.org/Earthquake_information/earthquake.php?id=20261001_0000306
2026,10,1,18,53,10.0,2.7,-8.270000,120.550000,10,https://www.emsc-csem.org/Earthquake_information/earthquake.php?id=20261001_0000297
2026,10,1,18,47,4.7,3.1,31.697000,-104.549000,10,https://www.emsc-csem.org/Earthquake_information/earthquake.php?id=20261001_0000294
2026,10,1,18,38,159.0,3.3,-8.510000,120.690000,10,https://www.emsc-csem.org/Earthquake_information/earthquake.php?id=20261001_0000298
2026,10,1,18,33,156.9,3.2,-24.180000,-67.130000,10,https://www.emsc-csem.org/Earthquake_information/earthquake.php?id=20261001_0000292
2026,10,1,18,19,3.5,2.8,64.656000,-20.403000,10,https://www.emsc-csem.org/Earthquake_information/earthquake.php?id=20261001_0000291
2026,10,1,18,10,2.0,3.0,10.460000,123.100000,10,https://www.emsc-csem.org/Earthquake_information/earthquake.php?id=20261001_0000356
2026,10,1,17,58,3.0,2.6,40.250000,72.710000,10,https://www.emsc-csem.org/Earthquake_information/earthquake.php?id=20261001_0000381
2026,10,1,17,52,4.0,2.5,14.377000,-90.104000,10,https://www.emsc-csem.org/Earthquake_information/earthquake.php?id=20261001_0000290
2026,10,1,17,51,8.9,2.5,36.598200,-121.217300,10,https://www.emsc-csem.org/Earthquake_information/earthquake.php?id=20261001_0000287
2026,10,1,17,48,49.1,3.1,19.773000,-104.593000,10,https://www.emsc-csem.org/Earthquake_information/earthquake.php?id=20261001_0000362
2026,10,1,17,42,164.0,2.7,-28.189000,-66.763000,10,https://www.emsc-csem.org/Earthquake_information/earthquake.php?id=20261001_0000374
2026,10,1,17,37,10.0,4.2,-7.950000,120.810000,10,https://www.emsc-csem.org/Earthquake_information/earthquake.php?id=20261001_0000285
2026,10,1,17,24,102.1,3.3,15.976000,-93.664000,10,https://www.emsc-csem.org/Earthquake_information/earthquake.php?id=20261001_0000363
2026,10,1,17,18,12.0,3.1,-42.212500,173.560400,10,https://www.emsc-csem.org/Earthquake_information/earthquake.php?id=20261001_0000279
2026,10,1,17,17,35.0,5.1,39.901900,143.089000,10,https://www.emsc-csem.org/Earthquake_information/earthquake.php?id=20261001_0000280
2026,10,1,17,16,111.8,2.8,-20.710000,-68.970000,10,https://www.emsc-csem.org/Earthquake_information/earthquake.php?id=20261001_0000278
2026,10,1,17,09,10.0,4.3,-2.010300,138.947800,10,https://www.emsc-csem.org/Earthquake_information/earthquake.php?id=20261001_0000275
2026,10,1,17,08,10.0,3.3,1.410000,126.560000,10,https://www.emsc-csem.org/Earthquake_information/earthquake.php?id=20261001_0000276
2026,10,1,17,03,8.0,2.8,40.940000,19.970000,10,https://www.emsc-csem.org/Earthquake_information/earthquake.php?id=20261001_0000272
2026,10,1,16,42,116.3,2.7,-20.440000,-69.270000,10,https://www.emsc-csem.org/Earthquake_information/earthquake.php?id=20261001_0000270
2026,10,1,16,31,149.0,2.9,-27.277000,-67.355000,10,https://www.emsc-csem.org/Earthquake_information/earthquake.php?id=20261001_0000271
2026,10,1,16,23,115.8,2.5,-21.980000,-68.780000,10,https://www.emsc-csem.org/Earthquake_information/earthquake.php?id=20261001_0000267
2026,10,1,16,17,24.7,3.3,16.363000,-98.401000,10,https://www.emsc-csem.org/Earthquake_information/earthquake.php?id=20261001_0000364
2026,10,1,16,14,10.0,3.8,14.371000,-93.023000,10,https://www.emsc-csem.org/Earthquake_information/earthquake.php?id=20261001_0000365
2026,10,1,16,02,105.1,4.2,36.468800,71.549900,10,https://www.emsc-csem.org/Earthquake_information/earthquake.php?id=20261001_0000377
2026,10,1,16,01,5.0,3.1,10.174300,-84.432100,10,https://www.emsc-csem.org/Earthquake_information/earthquake.php?id=20261001_0000264
2026,10,1,15,56,10.0,4.0,28.615000,87.239000,10,https://www.emsc-csem.org/Earthquake_information/earthquake.php?id=20261001_0000263
2026,10,1,15,46,14.3,2.5,40.177500,23.971700,10,https://www.emsc-csem.org/Earthquake_information/earthquake.php?id=20261001_0000262
2026,10,1,15,44,6.5,3.4,16.265000,-98.037000,10,https://www.emsc-csem.org/Earthquake_information/earthquake.php?id=20261001_0000366
2026,10,1,15,31,214.2,2.8,-22.210000,-67.590000,10,https://www.emsc-csem.org/Earthquake_information/earthquake.php?id=20261001_0000257
2026,10,1,15,29,19.3,3.2,16.806000,-99.538000,10,https://www.emsc-csem.org/Earthquake_information/earthquake.php?id=20261001_0000367
2026,10,1,15,25,107.9,3.2,-25.230000,-69.020000,10,https://www.emsc-csem.org/Earthquake_information/earthquake.php?id=20261001_0000255
2026,10,1,15,13,56.5,3.0,58.969200,-150.885300,10,https://www.emsc-csem.org/Earthquake_information/earthquake.php?id=20261001_0000251
2026,10,1,15,02,12.7,3.1,38.221500,38.691200,10,https://www.emsc-csem.org/Earthquake_information/earthquake.php?id=20261001_0000250
2026,10,1,14,52,6.0,3.2,5.440000,125.280000,10,https://www.emsc-csem.org/Earthquake_information/earthquake.php?id=20261001_0000249
2026,10,1,14,46,1.0,2.5,50.103700,19.341200,10,https://www.emsc-csem.org/Earthquake_information/earthquake.php?id=20261001_0000243
2026,10,1,14,46,54.2,4.8,53.715400,-163.611700,10,https://www.emsc-csem.org/Earthquake_information/earthquake.php?id=20261001_0000248
2026,10,1,14,43,10.0,4.3,13.150000,120.440000,10,https://www.emsc-csem.org/Earthquake_information/earthquake.php?id=20261001_0000247
2026,10,1,14,41,0.0,2.7,40.160000,19.810000,10,https://www.emsc-csem.org/Earthquake_information/earthquake.php?id=20261001_0000242
2026,10,1,14,31,157.0,4.0,-8.330000,119.560000,10,https://www.emsc-csem.org/Earthquake_information/earthquake.php?id=20261001_0000239
2026,10,1,14,19,10.0,5.0,-7.072700,120.846900,10,https://www.emsc-csem.org/Earthquake_information/earthquake.php?id=20261001_0000238
2026,10,1,14,16,28.0,2.9,-8.250000,117.830000,10,https://www.emsc-csem.org/Earthquake_information/earthquake.php?id=20261001_0000241
2026,10,1,14,13,27.0,3.0,-8.560000,121.350000,10,https://www.emsc-csem.org/Earthquake_information/earthquake.php?id=20261001_0000237
2026,10,1,14,08,30.8,2.5,-31.280000,-71.740000,10,https://www.emsc-csem.org/Earthquake_information/earthquake.php?id=20261001_0000236
2026,10,1,14,03,207.6,3.1,-21.433000,-66.731000,10,https://www.emsc-csem.org/Earthquake_information/earthquake.php?id=20261001_0000371
2026,10,1,13,53,35.7,2.6,-29.370000,-71.180000,10,https://www.emsc-csem.org/Earthquake_information/earthquake.php?id=20261001_0000217
2026,10,1,13,46,16.0,3.8,-2.030000,138.850000,10,https://www.emsc-csem.org/Earthquake_information/earthquake.php?id=20261001_0000216
2026,10,1,13,35,6.5,3.1,37.557500,37.268200,10,https://www.emsc-csem.org/Earthquake_information/earthquake.php?id=20261001_0000211
2026,10,1,13,35,10.0,2.9,0.570000,120.470000,10,https://www.emsc-csem.org/Earthquake_information/earthquake.php?id=20261001_0000214
2026,10,1,13,33,96.7,2.7,-22.260000,-68.580000,10,https://www.emsc-csem.org/Earthquake_information/earthquake.php?id=20261001_0000208
2026,10,1,13,31,10.0,4.4,-2.071600,138.890400,10,https://www.emsc-csem.org/Earthquake_information/earthquake.php?id=20261001_0000218
2026,10,1,13,21,9.0,2.5,-38.193000,-68.586000,10,https://www.emsc-csem.org/Earthquake_information/earthquake.php?id=20261001_0000259
2026,10,1,13,21,10.0,5.0,2.138000,-97.901000,10,https://www.emsc-csem.org/Earthquake_information/earthquake.php?id=20261001_0000215
2026,10,1,13,19,10.0,3.3,4.460000,96.490000,10,https://www.emsc-csem.org/Earthquake_information/earthquake.php?id=20261001_0000204
2026,10,1,13,13,9.1,2.5,38.140500,26.720800,10,https://www.emsc-csem.org/Earthquake_information/earthquake.php?id=20261001_0000203
2026,10,1,13,13,11.4,2.9,38.198700,38.563500,10,https://www.emsc-csem.org/Earthquake_information/earthquake.php?id=20261001_0000200
2026,10,1,13,09,7.0,3.0,10.430000,123.010000,10,https://www.emsc-csem.org/Earthquake_information/earthquake.php?id=20261001_0000206
2026,10,1,13,05,99.5,2.5,-19.490000,-69.280000,10,https://www.emsc-csem.org/Earthquake_information/earthquake.php?id=20261001_0000198
2026,10,1,13,03,39.9,2.8,-28.070000,-70.580000,10,https://www.emsc-csem.org/Earthquake_information/earthquake.php?id=20261001_0000197
2026,10,1,13,03,9.3,3.8,38.287800,23.323500,10,https://www.emsc-csem.org/Earthquake_information/earthquake.php?id=20261001_0000196
2026,10,1,13,00,57.4,4.3,44.660600,149.032400,10,https://www.emsc-csem.org/Earthquake_information/earthquake.php?id=20261001_0000376
2026,10,1,12,51,40.0,3.3,35.800000,140.700000,10,https://www.emsc-csem.org/Earthquake_information/earthquake.php?id=20261001_0000195
2026,10,1,12,34,176.0,2.6,-27.834000,-66.761000,10,https://www.emsc-csem.org/Earthquake_information/earthquake.php?id=20261001_0000258
2026,10,1,12,33,18.0,2.8,-8.880000,110.930000,10,https://www.emsc-csem.org/Earthquake_information/earthquake.php?id=20261001_0000194
2026,10,1,12,31,40.0,3.6,35.700000,140.700000,10,https://www.emsc-csem.org/Earthquake_information/earthquake.php?id=20261001_0000193
2026,10,1,12,29,8.2,2.7,58.226600,-156.409900,10,https://www.emsc-csem.org/Earthquake_information/earthquake.php?id=20261001_0000357
2026,10,1,12,27,44.2,5.3,35.633700,140.597400,10,https://www.emsc-csem.org/Earthquake_information/earthquake.php?id=20261001_0000192
2026,10,1,12,14,131.3,2.9,63.263500,-150.643800,10,https://www.emsc-csem.org/Earthquake_information/earthquake.php?id=20261001_0000379
2026,10,1,12,11,11.9,2.8,-19.760000,-68.530000,10,https://www.emsc-csem.org/Earthquake_information/earthquake.php?id=20261001_0000190
2026,10,1,11,51,38.0,4.2,1.020000,122.700000,10,https://www.emsc-csem.org/Earthquake_information/earthquake.php?id=20261001_0000186
2026,10,1,11,47,6.0,3.8,13.748000,-91.189000,10,https://www.emsc-csem.org/Earthquake_information/earthquake.php?id=20261001_0000185
2026,10,1,11,34,10.0,3.5,-7.930000,120.910000,10,https://www.emsc-csem.org/Earthquake_information/earthquake.php?id=20261001_0000183
2026,10,1,11,26,-0.0,3.5,32.700000,130.700000,10,https://www.emsc-csem.org/Earthquake_information/earthquake.php?id=20261001_0000182
2026,10,1,11,11,17.0,3.1,9.699000,-86.599000,10,https://www.emsc-csem.org/Earthquake_information/earthquake.php?id=20261001_0000176
2026,10,1,11,05,7.0,2.5,37.005300,28.901000,10,https://www.emsc-csem.org/Earthquake_information/earthquake.php?id=20261001_0000178
2026,10,1,11,01,93.6,2.9,-22.890000,-68.840000,10,https://www.emsc-csem.org/Earthquake_information/earthquake.php?id=20261001_0000172
2026,10,1,10,51,6.0,4.2,41.506600,46.543200,10,https://www.emsc-csem.org/Earthquake_information/earthquake.php?id=20261001_0000170
2026,10,1,10,29,19.4,3.4,16.787000,-99.518000,10,https://www.emsc-csem.org/Earthquake_information/earthquake.php?id=20261001_0000221
2026,10,1,10,18,121.9,3.2,61.839300,-152.037400,10,https://www.emsc-csem.org/Earthquake_information/earthquake.php?id=20261001_0000157
2026,10,1,10,15,105.7,2.7,-22.160000,-68.600000,10,https://www.emsc-csem.org/Earthquake_information/earthquake.php?id=20261001_0000161
2026,10,1,10,15,43.6,3.8,17.079000,-99.534000,10,https://www.emsc-csem.org/Earthquake_information/earthquake.php?id=20261001_0000222
2026,10,1,10,12,24.0,3.5,-8.090000,107.820000,10,https://www.emsc-csem.org/Earthquake_information/earthquake.php?id=20261001_0000159
2026,10,1,10,10,17.0,2.9,11.821000,-88.100000,10,https://www.emsc-csem.org/Earthquake_information/earthquake.php?id=20261001_0000160
2026,10,1,10,06,10.0,4.1,-1.770000,133.680000,10,https://www.emsc-csem.org/Earthquake_information/earthquake.php?id=20261001_0000152
2026,10,1,10,03,13.0,4.7,31.084100,-41.411300,10,https://www.emsc-csem.org/Earthquake_information/earthquake.php?id=20261001_0000167
2026,10,1,10,01,10.0,2.5,-8.170000,119.910000,10,https://www.emsc-csem.org/Earthquake_information/earthquake.php?id=20261001_0000149
2026,10,1,09,57,15.8,3.1,31.220000,-115.431000,10,https://www.emsc-csem.org/Earthquake_information/earthquake.php?id=20261001_0000223
2026,10,1,09,55,0.400000005960464,2.55,19.420834,-155.268326,10,https://earthquake.usgs.gov/earthquakes/eventpage/hv75046927
2026,10,1,09,47,2.8,3.6,19.083000,-105.075000,10,https://www.emsc-csem.org/Earthquake_information/earthquake.php?id=20261001_0000224
2026,10,1,09,42,10.6,3.2,15.847000,-97.073000,10,https://www.emsc-csem.org/Earthquake_information/earthquake.php?id=20261001_0000225
2026,10,1,09,38,74.3,3.6,16.248000,-94.953000,10,https://www.emsc-csem.org/Earthquake_information/earthquake.php?id=20261001_0000226
2026,10,1,09,33,5.5,3.8,16.451000,-95.124000,10,https://www.emsc-csem.org/Earthquake_information/earthquake.php?id=20261001_0000227
2026,10,1,09,29,96.0,3.3,16.860000,-95.318000,10,https://www.emsc-csem.org/Earthquake_information/earthquake.php?id=20261001_0000228
2026,10,1,09,28,10.8,3.7,16.567000,-99.504000,10,https://www.emsc-csem.org/Earthquake_information/earthquake.php?id=20261001_0000229
2026,10,1,09,23,62.3,2.6,62.727000,-149.326500,10,https://www.emsc-csem.org/Earthquake_information/earthquake.php?id=20261001_0000378
2026,10,1,09,23,18.0,3.2,31.427000,-115.595000,10,https://www.emsc-csem.org/Earthquake_information/earthquake.php?id=20261001_0000230
2026,10,1,09,16,121.0,2.5,-22.150000,-68.690000,10,https://www.emsc-csem.org/Earthquake_information/earthquake.php?id=20261001_0000132
2026,10,1,09,15,121.7,2.5,38.360300,15.187300,10,https://www.emsc-csem.org/Earthquake_information/earthquake.php?id=20261001_0000136
2026,10,1,09,11,14.0,3.2,15.992000,-97.622000,10,https://www.emsc-csem.org/Earthquake_information/earthquake.php?id=20261001_0000231
2026,10,1,08,57,42.4,2.9,-29.350000,-71.260000,10,https://www.emsc-csem.org/Earthquake_information/earthquake.php?id=20261001_0000127
2026,10,1,08,45,14.4,2.8,18.605500,-66.653800,10,https://www.emsc-csem.org/Earthquake_information/earthquake.php?id=20261001_0000134
2026,10,1,08,45,10.0,4.9,-19.141000,-172.703800,10,https://www.emsc-csem.org/Earthquake_information/earthquake.php?id=20261001_0000130
2026,10,1,08,40,10.0,4.1,14.161000,-93.519000,10,https://www.emsc-csem.org/Earthquake_information/earthquake.php?id=20261001_0000232
2026,10,1,08,35,131.4,3.4,16.722000,-94.129000,10,https://www.emsc-csem.org/Earthquake_information/earthquake.php?id=20261001_0000233
2026,10,1,08,31,54.9,3.4,18.293000,-98.958000,10,https://www.emsc-csem.org/Earthquake_information/earthquake.php?id=20261001_0000234
2026,10,1,08,29,104.0,2.7,-31.856000,-68.357000,10,https://www.emsc-csem.org/Earthquake_information/earthquake.php?id=20261001_0000289
2026,10,1,08,18,15.0,4.5,41.400000,73.140000,10,https://www.emsc-csem.org/Earthquake_information/earthquake.php?id=20261001_0000124
2026,10,1,08,16,4.3,4.0,16.167000,-97.883000,10,https://www.emsc-csem.org/Earthquake_information/earthquake.php?id=20261001_0000120
2026,10,1,08,16,10.0,3.7,28.779000,94.261000,10,https://www.emsc-csem.org/Earthquake_information/earthquake.php?id=20261001_0000108
2026,10,1,08,15,10.0,3.2,35.830000,95.720000,10,https://www.emsc-csem.org/Earthquake_information/earthquake.php?id=20261001_0000110
2026,10,1,08,14,71.3,4.4,14.735600,-92.695900,10,https://www.emsc-csem.org/Earthquake_information/earthquake.php?id=20261001_0000112
2026,10,1,08,09,10.0,2.9,-32.070000,-67.370000,10,https://www.emsc-csem.org/Earthquake_information/earthquake.php?id=20261001_0000106
2026,10,1,08,06,204.0,2.7,-25.785000,-67.062000,10,https://www.emsc-csem.org/Earthquake_information/earthquake.php?id=20261001_0000288
2026,10,1,08,03,10.0,3.0,-8.450000,121.510000,10,https://www.emsc-csem.org/Earthquake_information/earthquake.php?id=20261001_0000104
2026,10,1,07,56,5.0,2.8,13.171000,-90.060000,10,https://www.emsc-csem.org/Earthquake_information/earthquake.php?id=20261001_0000101
2026,10,1,07,52,0.3,3.5,19.415700,-155.277000,10,https://www.emsc-csem.org/Earthquake_information/earthquake.php?id=20261001_0000100
2026,10,1,07,40,13.0,4.6,31.088600,-41.441200,10,https://www.emsc-csem.org/Earthquake_information/earthquake.php?id=20261001_0000107
2026,10,1,07,32,0.0900000035762787,2.59,19.408501,-155.277496,10,https://earthquake.usgs.gov/earthquakes/eventpage/hv75046727
2026,10,1,07,31,82.5,3.1,-34.690000,-70.980000,10,https://www.emsc-csem.org/Earthquake_information/earthquake.php?id=20261001_0000095
2026,10,1,07,30,107.0,2.9,-31.365000,-68.470000,10,https://www.emsc-csem.org/Earthquake_information/earthquake.php?id=20261001_0000286
2026,10,1,07,25,10.0,2.7,-38.182000,-68.605000,10,https://www.emsc-csem.org/Earthquake_information/earthquake.php?id=20261001_0000191
2026,10,1,07,25,26.5,2.7,-32.850000,-71.750000,10,https://www.emsc-csem.org/Earthquake_information/earthquake.php?id=20261001_0000094
2026,10,1,07,17,302.7,3.8,-35.128000,179.186100,10,https://www.emsc-csem.org/Earthquake_information/earthquake.php?id=20261001_0000091
2026,10,1,06,52,140.2,4.3,17.287000,-94.657000,10,https://www.emsc-csem.org/Earthquake_information/earthquake.php?id=20261001_0000090
2026,10,1,06,49,0.2,3.3,66.666000,-18.692000,10,https://www.emsc-csem.org/Earthquake_information/earthquake.php?id=20261001_0000086
2026,10,1,06,47,0.35,2.55,19.412667,-155.280333,10,https://earthquake.usgs.gov/earthquakes/eventpage/hv75046687
2026,10,1,06,42,8.0,4.4,17.940000,120.790000,10,https://www.emsc-csem.org/Earthquake_information/earthquake.php?id=20261001_0000089
2026,10,1,06,28,7.5,2.8,-39.140000,-73.510000,10,https://www.emsc-csem.org/Earthquake_information/earthquake.php?id=20261001_0000081
2026,10,1,06,24,12.0,3.4,-2.380000,140.350000,10,https://www.emsc-csem.org/Earthquake_information/earthquake.php?id=20261001_0000079
2026,10,1,06,22,10.0,4.2,-8.730000,108.350000,10,https://www.emsc-csem.org/Earthquake_information/earthquake.php?id=20261001_0000080
2026,10,1,06,15,36.0,3.2,24.047000,90.791000,10,https://www.emsc-csem.org/Earthquake_information/earthquake.php?id=20261001_0000092
2026,10,1,06,06,10.0,3.7,72.354000,2.827000,10,https://www.emsc-csem.org/Earthquake_information/earthquake.php?id=20261001_0000139
2026,10,1,06,03,41.0,2.7,-25.654000,-66.946000,10,https://www.emsc-csem.org/Earthquake_information/earthquake.php?id=20261001_0000281
2026,10,1,06,00,17.7,3.4,-34.760000,-72.050000,10,https://www.emsc-csem.org/Earthquake_information/earthquake.php?id=20261001_0000075
2026,10,1,05,53,25.0,3.4,-7.850000,121.120000,10,https://www.emsc-csem.org/Earthquake_information/earthquake.php?id=20261001_0000074
2026,10,1,05,52,68.2,4.0,16.010000,-94.689000,10,https://www.emsc-csem.org/Earthquake_information/earthquake.php?id=20261001_0000076
2026,10,1,05,50,105.8,2.5,-19.830000,-69.300000,10,https://www.emsc-csem.org/Earthquake_information/earthquake.php?id=20261001_0000072
2026,10,1,05,38,7.0,3.9,28.540000,104.700000,10,https://www.emsc-csem.org/Earthquake_information/earthquake.php?id=20261001_0000071
2026,10,1,05,34,9.4,5.0,6.105500,123.863900,10,https://www.emsc-csem.org/Earthquake_information/earthquake.php?id=20261001_0000070
2026,10,1,05,25,12.0,3.5,19.124500,-64.345600,10,https://www.emsc-csem.org/Earthquake_information/earthquake.php?id=20261001_0000098
2026,10,1,05,22,128.9,3.3,-21.680000,-68.620000,10,https://www.emsc-csem.org/Earthquake_information/earthquake.php?id=20261001_0000066
2026,10,1,05,15,15.4,2.8,38.150500,20.411200,10,https://www.emsc-csem.org/Earthquake_information/earthquake.php?id=20261001_0000065
2026,10,1,05,02,8.6,2.7,42.676700,17.991100,10,https://www.emsc-csem.org/Earthquake_information/earthquake.php?id=20261001_0000062
2026,10,1,04,41,281.0,4.2,-22.784900,-177.111900,10,https://www.emsc-csem.org/Earthquake_information/earthquake.php?id=20261001_0000069
2026,10,1,04,24,8.0,3.3,21.139000,70.633000,10,https://www.emsc-csem.org/Earthquake_information/earthquake.php?id=20261001_0000084
2026,10,1,04,09,30.0,3.3,39.930000,75.480000,10,https://www.emsc-csem.org/Earthquake_information/earthquake.php?id=20261001_0000380
2026,10,1,04,09,5.0,2.8,33.050000,76.144000,10,https://www.emsc-csem.org/Earthquake_information/earthquake.php?id=20261001_0000052
2026,10,1,03,50,30.0,4.2,52.230000,160.740000,10,https://www.emsc-csem.org/Earthquake_information/earthquake.php?id=20261001_0000102
2026,10,1,03,48,72.1,2.9,-27.920000,-70.400000,10,https://www.emsc-csem.org/Earthquake_information/earthquake.php?id=20261001_0000047
2026,10,1,03,29,86.2,3.4,59.499900,-152.309400,10,https://www.emsc-csem.org/Earthquake_information/earthquake.php?id=20261001_0000040
2026,10,1,03,22,95.7,3.0,59.948300,-152.522800,10,https://www.emsc-csem.org/Earthquake_information/earthquake.php?id=20261001_0000039
2026,10,1,03,16,8.0,3.0,-38.199000,-68.584000,10,https://www.emsc-csem.org/Earthquake_information/earthquake.php?id=20261001_0000189
2026,10,1,03,09,146.9,2.9,-18.740000,-68.770000,10,https://www.emsc-csem.org/Earthquake_information/earthquake.php?id=20261001_0000037
2026,10,1,02,41,11.8,2.5,17.950000,-66.905500,10,https://www.emsc-csem.org/Earthquake_information/earthquake.php?id=20261001_0000038
2026,10,1,02,40,613.0,4.4,-20.900100,-179.120300,10,https://www.emsc-csem.org/Earthquake_information/earthquake.php?id=20261001_0000035
2026,10,1,02,12,3.0,3.2,7.330000,127.230000,10,https://www.emsc-csem.org/Earthquake_information/earthquake.php?id=20261001_0000030
2026,10,1,02,09,88.6,4.5,-6.171200,130.252800,10,https://www.emsc-csem.org/Earthquake_information/earthquake.php?id=20261001_0000048
2026,10,1,02,02,10.0,4.1,14.813000,-94.573000,10,https://www.emsc-csem.org/Earthquake_information/earthquake.php?id=20261001_0000031
2026,10,1,01,41,27.0,3.0,12.604000,-88.549000,10,https://www.emsc-csem.org/Earthquake_information/earthquake.php?id=20261001_0000166
2026,10,1,01,32,50.0,3.2,36.000000,139.500000,10,https://www.emsc-csem.org/Earthquake_information/earthquake.php?id=20261001_0000025
2026,10,1,01,31,100.0,4.6,-0.781600,123.294200,10,https://www.emsc-csem.org/Earthquake_information/earthquake.php?id=20261001_0000027
2026,10,1,01,29,10.0,5.2,36.105300,68.835600,10,https://www.emsc-csem.org/Earthquake_information/earthquake.php?id=20261001_0000024
2026,10,1,01,26,20.0,3.3,42.380000,109.630000,10,https://www.emsc-csem.org/Earthquake_information/earthquake.php?id=20261001_0000022
2026,10,1,01,21,7.0,2.8,20.611000,73.353000,10,https://www.emsc-csem.org/Earthquake_information/earthquake.php?id=20261001_0000057
2026,10,1,00,43,10.0,3.3,-10.120000,123.620000,10,https://www.emsc-csem.org/Earthquake_information/earthquake.php?id=20261001_0000014
2026,10,1,00,41,10.0,4.7,-36.083900,-97.077500,10,https://www.emsc-csem.org/Earthquake_information/earthquake.php?id=20261001_0000087
2026,10,1,00,39,193.0,3.3,-23.080000,-66.950000,10,https://www.emsc-csem.org/Earthquake_information/earthquake.php?id=20261001_0000009
2026,10,1,00,37,1.2,3.3,66.687000,-18.695000,10,https://www.emsc-csem.org/Earthquake_information/earthquake.php?id=20261001_0000006
2026,10,1,00,34,26.0,3.5,12.517000,-88.168000,10,https://www.emsc-csem.org/Earthquake_information/earthquake.php?id=20261001_0000005
2026,10,1,00,28,10.0,4.9,19.232100,-43.036500,10,https://www.emsc-csem.org/Earthquake_information/earthquake.php?id=20261001_0000015
2026,10,1,00,27,124.5,2.6,-21.060000,-68.870000,10,https://www.emsc-csem.org/Earthquake_information/earthquake.php?id=20261001_0000004
2026,10,1,00,15,96.5,2.6,-34.280000,-70.470000,10,https://www.emsc-csem.org/Earthquake_information/earthquake.php?id=20261001_0000003
2026,10,1,00,08,138.0,2.9,-27.590000,-67.590000,10,https://www.emsc-csem.org/Earthquake_information/earthquake.php?id=20261001_0000002
2026,10,1,00,05,16.0,3.5,8.850500,-80.928800,10,https://www.emsc-csem.org/Earthquake_information/earthquake.php?id=20261001_0000299
2026,10,1,00,04,14.0,3.5,-8.280000,121.160000,10,https://www.emsc-csem.org/Earthquake_information/earthquake.php?id=20261001_0000001
2026,10,1,00,01,5.1,3.0,33.502300,-116.463300,10,https://www.emsc-csem.org/Earthquake_information/earthquake.php?id=20261001_0000016
2026,9,30,23,57,6.0,2.7,-37.662000,-69.158000,10,https://www.emsc-csem.org/Earthquake_information/earthquake.php?id=20260930_0000301
2026,9,30,23,56,141.0,2.5,-21.200000,-68.600000,10,https://www.emsc-csem.org/Earthquake_information/earthquake.php?id=20260930_0000300
2026,9,30,23,54,26.0,3.5,-8.040000,120.770000,10,https://www.emsc-csem.org/Earthquake_information/earthquake.php?id=20260930_0000299
2026,9,30,23,53,107.9,2.6,-20.960000,-69.100000,10,https://www.emsc-csem.org/Earthquake_information/earthquake.php?id=20260930_0000297
2026,9,30,23,51,10.0,2.7,78.213000,8.197000,10,https://www.emsc-csem.org/Earthquake_information/earthquake.php?id=20260930_0000322
2026,9,30,23,43,10.0,2.6,78.131000,8.326000,10,https://www.emsc-csem.org/Earthquake_information/earthquake.php?id=20260930_0000321
2026,9,30,23,43,6.8,3.3,-38.528400,146.830100,10,https://www.emsc-csem.org/Earthquake_information/earthquake.php?id=20260930_0000296
2026,9,30,23,42,9.7,2.6,38.198500,38.553000,10,https://www.emsc-csem.org/Earthquake_information/earthquake.php?id=20260930_0000303
2026,9,30,23,28,11.1,2.7,40.403200,28.953500,10,https://www.emsc-csem.org/Earthquake_information/earthquake.php?id=20260930_0000294
2026,9,30,23,26,47.9,2.9,-32.080000,-72.070000,10,https://www.emsc-csem.org/Earthquake_information/earthquake.php?id=20260930_0000293
2026,9,30,23,20,94.7,3.6,-19.370000,-69.470000,10,https://www.emsc-csem.org/Earthquake_information/earthquake.php?id=20260930_0000287
2026,9,30,22,52,11.1,3.4,16.339000,-95.721000,10,https://www.emsc-csem.org/Earthquake_information/earthquake.php?id=20260930_0000306
2026,9,30,22,41,11.0,2.9,42.460000,74.610000,10,https://www.emsc-csem.org/Earthquake_information/earthquake.php?id=20260930_0000340
2026,9,30,22,37,107.4,3.3,16.817000,-94.689000,10,https://www.emsc-csem.org/Earthquake_information/earthquake.php?id=20260930_0000307
2026,9,30,22,29,15.0,2.5,41.534000,22.700000,10,https://www.emsc-csem.org/Earthquake_information/earthquake.php?id=20260930_0000284
2026,9,30,22,28,9.0,3.6,9.721000,-86.466000,10,https://www.emsc-csem.org/Earthquake_information/earthquake.php?id=20260930_0000281
2026,9,30,22,25,40.3,3.6,14.576000,-93.173000,10,https://www.emsc-csem.org/Earthquake_information/earthquake.php?id=20260930_0000308
2026,9,30,22,23,8.0,2.7,10.927000,-86.480000,10,https://www.emsc-csem.org/Earthquake_information/earthquake.php?id=20260930_0000285
2026,9,30,22,18,10.0,4.1,14.376000,-93.271000,10,https://www.emsc-csem.org/Earthquake_information/earthquake.php?id=20260930_0000309
2026,9,30,22,17,11.4,3.2,38.679200,30.896000,10,https://www.emsc-csem.org/Earthquake_information/earthquake.php?id=20260930_0000279
2026,9,30,22,13,94.1,2.8,-22.400000,-68.860000,10,https://www.emsc-csem.org/Earthquake_information/earthquake.php?id=20260930_0000278
2026,9,30,22,12,10.0,4.4,-21.385400,168.518700,10,https://www.emsc-csem.org/Earthquake_information/earthquake.php?id=20260930_0000341
2026,9,30,22,01,5.0,3.5,16.481000,-95.141000,10,https://www.emsc-csem.org/Earthquake_information/earthquake.php?id=20260930_0000310
2026,9,30,21,59,10.4,3.2,18.617000,-103.953000,10,https://www.emsc-csem.org/Earthquake_information/earthquake.php?id=20260930_0000311
2026,9,30,21,55,7.8,5.6,9.814900,-86.458300,10,https://www.emsc-csem.org/Earthquake_information/earthquake.php?id=20260930_0000275
2026,9,30,21,50,11.3,2.9,38.672300,30.894200,10,https://www.emsc-csem.org/Earthquake_information/earthquake.php?id=20260930_0000273
2026,9,30,21,41,48.6,3.3,17.268000,-100.520000,10,https://www.emsc-csem.org/Earthquake_information/earthquake.php?id=20260930_0000312
2026,9,30,21,35,86.1,3.5,16.718000,-95.302000,10,https://www.emsc-csem.org/Earthquake_information/earthquake.php?id=20260930_0000313
2026,9,30,21,30,75.0,3.5,18.539000,-101.174000,10,https://www.emsc-csem.org/Earthquake_information/earthquake.php?id=20260930_0000314
2026,9,30,21,29,12.0,2.5,-8.180000,120.610000,10,https://www.emsc-csem.org/Earthquake_information/earthquake.php?id=20260930_0000271
2026,9,30,21,20,11.4,3.0,38.670300,30.903500,10,https://www.emsc-csem.org/Earthquake_information/earthquake.php?id=20260930_0000267
2026,9,30,21,16,35.0,3.5,35.645300,140.882000,10,https://www.emsc-csem.org/Earthquake_information/earthquake.php?id=20260930_0000265
2026,9,30,21,16,35.0,4.4,35.645300,140.882000,10,https://earthquake.usgs.gov/earthquakes/eventpage/us6000tyn1
2026,9,30,21,15,10.2,2.5,38.664300,30.906500,10,https://www.emsc-csem.org/Earthquake_information/earthquake.php?id=20260930_0000264
2026,9,30,21,13,5.0,3.2,17.102000,-100.083000,10,https://www.emsc-csem.org/Earthquake_information/earthquake.php?id=20260930_0000315
2026,9,30,21,11,6.2,4.6,25.276500,128.523700,10,https://www.emsc-csem.org/Earthquake_information/earthquake.php?id=20260930_0000272
2026,9,30,21,07,5.0,2.8,38.782100,-122.920100,10,https://www.emsc-csem.org/Earthquake_information/earthquake.php?id=20260930_0000259
2026,9,30,21,03,7.8,2.6,17.944300,-66.946500,10,https://www.emsc-csem.org/Earthquake_information/earthquake.php?id=20260930_0000270
2026,9,30,21,00,105.4,3.1,18.477800,-66.613700,10,https://www.emsc-csem.org/Earthquake_information/earthquake.php?id=20260930_0000266
2026,9,30,20,57,10.0,2.8,-8.190000,120.550000,10,https://www.emsc-csem.org/Earthquake_information/earthquake.php?id=20260930_0000258
2026,9,30,20,50,10.0,2.6,-5.350000,104.600000,10,https://www.emsc-csem.org/Earthquake_information/earthquake.php?id=20260930_0000257
2026,9,30,20,49,8.0,3.0,13.109000,-90.162000,10,https://www.emsc-csem.org/Earthquake_information/earthquake.php?id=20260930_0000255
2026,9,30,20,48,1.8,2.6,38.766500,-122.700700,10,https://www.emsc-csem.org/Earthquake_information/earthquake.php?id=20260930_0000253
2026,9,30,20,47,82.1,3.1,-45.068600,167.384500,10,https://www.emsc-csem.org/Earthquake_information/earthquake.php?id=20260930_0000252
2026,9,30,20,46,9.0,2.6,-38.197000,-68.553000,10,https://www.emsc-csem.org/Earthquake_information/earthquake.php?id=20260930_0000327
2026,9,30,20,44,5.0,3.1,12.653000,-90.502000,10,https://www.emsc-csem.org/Earthquake_information/earthquake.php?id=20260930_0000262
2026,9,30,20,37,168.6,3.3,-39.099200,174.909300,10,https://www.emsc-csem.org/Earthquake_information/earthquake.php?id=20260930_0000254
2026,9,30,18,29,59.0,3.5,-11.810000,-77.230000,10,https://ultimosismo.igp.gob.pe/evento/2026-703
2026,9,30,16,12,28.0,4.0,-12.400000,-77.750000,10,https://ultimosismo.igp.gob.pe/evento/2026-702
2026,9,30,14,25,11.0,3.5,-10.770000,-73.640000,10,https://ultimosismo.igp.gob.pe/evento/2026-701
2026,9,30,08,52,58.0,3.5,-11.800000,-77.420000,10,https://ultimosismo.igp.gob.pe/evento/2026-700
2026,9,30,01,52,11.0,3.4,-17.520000,-69.830000,10,https://ultimosismo.igp.gob.pe/evento/2026-699
2026,9,29,18,01,13.0,3.5,-5.740000,-78.720000,10,https://ultimosismo.igp.gob.pe/evento/2026-698
2026,9,29,10,22,150.0,5.2,-3.230000,-75.880000,10,https://ultimosismo.igp.gob.pe/evento/2026-697
2026,9,28,18,33,9.0,3.3,-15.770000,-71.860000,10,https://ultimosismo.igp.gob.pe/evento/2026-696
2026,9,26,21,44,13.0,3.5,-15.720000,-71.980000,10,https://ultimosismo.igp.gob.pe/evento/2026-695
2026,9,26,19,30,14.0,3.5,-10.640000,-75.570000,10,https://ultimosismo.igp.gob.pe/evento/2026-694
2026,9,25,17,35,11.0,3.3,-17.120000,-70.660000,10,https://ultimosismo.igp.gob.pe/evento/2026-693
2026,9,25,04,26,46.0,4.4,-11.470000,-77.850000,10,https://ultimosismo.igp.gob.pe/evento/2026-692
2026,9,25,01,50,14.0,3.9,-6.280000,-76.140000,10,https://ultimosismo.igp.gob.pe/evento/2026-691
